Year,Rank,Country name,Ladder score,upperwhisker,lowerwhisker,Explained by: Log GDP per capita,Explained by: Social support,Explained by: Healthy life expectancy,Explained by: Freedom to make life choices,Explained by: Generosity,Explained by: Perceptions of corruption,Dystopia + residual,Predicted Ladder Score
2024,1,Finland,7.736,7.81,7.662,1.749,1.783,0.824,0.986,0.11,0.502,1.782,7.546714836082088
2023,143,Afghanistan,1.721,1.775,1.667,0.628,0.0,0.242,0.0,0.091,0.088,0.672,2.0276781261408616
2022,137,Afghanistan,1.859,1.923,1.795,0.645,0.0,0.087,0.0,0.093,0.059,0.976,1.869685665127584
2021,146,Afghanistan,2.404,2.469,2.339,0.758,0.0,0.289,0.0,0.089,0.005,1.263,2.0500828669291646
2020,150,Afghanistan,2.523,2.596,2.449,0.37,0.0,0.126,0.0,0.122,0.01,1.895,2.357814713998181
2019,153,Afghanistan,2.567,2.628,2.506,0.301,0.356,0.266,0.0,0.135,0.001,1.507,2.888367340188445
2024,2,Denmark,7.521,7.611,7.431,1.825,1.748,0.82,0.955,0.15,0.488,1.535,7.410236939489319
2023,87,Albania,5.304,5.44,5.168,1.438,0.924,0.638,0.69,0.138,0.049,1.428,5.702091859377909
2022,83,Albania,5.277,5.406,5.148,1.449,0.951,0.48,0.549,0.133,0.037,1.678,5.243669329521414
2021,90,Albania,5.199,5.321,5.076,1.439,0.646,0.719,0.511,0.138,0.028,1.718,5.170302191839743
2020,94,Albania,5.117,5.234,5.001,1.008,0.529,0.646,0.491,0.168,0.024,2.25,4.85483645474085
2019,105,Albania,4.883,4.993,4.773,0.907,0.83,0.846,0.462,0.171,0.025,1.641,5.225604774268074
2024,3,Iceland,7.515,7.606,7.425,1.799,1.84,0.873,0.971,0.201,0.173,1.659,7.2887713669413285
2023,85,Algeria,5.364,5.476,5.251,1.324,1.191,0.568,0.247,0.091,0.2,1.743,5.240117094451324
2022,81,Algeria,5.329,5.451,5.207,1.353,1.298,0.409,0.252,0.073,0.152,1.791,5.180261020436968
2021,96,Algeria,5.122,5.215,5.03,1.363,0.97,0.643,0.146,0.106,0.15,1.744,4.909551548996697
2020,110,Algeria,4.887,4.991,4.783,0.946,0.765,0.552,0.119,0.144,0.12,2.242,4.710438206139583
2019,100,Algeria,5.005,5.092,4.918,0.944,1.143,0.745,0.084,0.119,0.129,1.841,5.10330416503666
2024,4,Sweden,7.345,7.427,7.262,1.783,1.698,0.889,0.952,0.17,0.467,1.385,7.179772423750373
2023,48,Argentina,6.188,6.306,6.07,1.562,1.381,0.585,0.681,0.087,0.08,1.812,6.1748657319199705
2022,52,Argentina,6.024,6.147,5.9,1.59,1.388,0.427,0.587,0.088,0.082,1.861,6.043585675240787
2021,57,Argentina,5.967,6.09,5.844,1.592,1.102,0.662,0.555,0.081,0.085,1.891,6.065187469755566
2020,58,Argentina,5.929,6.04,5.819,1.162,0.98,0.646,0.544,0.069,0.067,2.461,5.539538899717013
2019,55,Argentina,5.975,6.079,5.87,1.028,1.373,0.85,0.521,0.07,0.06,2.073,5.757612568802587
2024,5,Netherlands,7.306,7.372,7.24,1.822,1.667,0.844,0.86,0.186,0.344,1.583,7.127991309974994
2023,82,Armenia,5.455,5.56,5.35,1.444,1.154,0.603,0.65,0.051,0.173,1.379,6.044077826414688
2022,79,Armenia,5.342,5.47,5.213,1.466,1.134,0.443,0.551,0.053,0.16,1.534,5.096062383358156
2021,82,Armenia,5.399,5.519,5.278,1.434,0.82,0.668,0.558,0.054,0.21,1.654,5.431654489949133
2020,87,Armenia,5.283,5.397,5.168,0.996,0.758,0.585,0.54,0.079,0.198,2.127,5.475798365807859
2019,116,Armenia,4.677,4.792,4.562,0.808,1.035,0.776,0.378,0.107,0.105,1.468,5.162551095665366
2024,6,Costa Rica,7.274,7.361,7.187,1.492,1.6,0.68,0.948,0.067,0.118,2.369,6.2140218774436855
2023,10,Australia,7.057,7.141,6.973,1.854,1.461,0.692,0.756,0.225,0.323,1.745,7.014208468750663
2022,12,Australia,7.095,7.18,7.009,1.899,1.497,0.532,0.677,0.242,0.31,1.938,7.11153177653633
2021,12,Australia,7.162,7.244,7.081,1.9,1.203,0.772,0.676,0.258,0.341,2.011,7.119614379204711
2020,12,Australia,7.183,7.265,7.102,1.453,1.076,0.801,0.647,0.291,0.317,2.598,7.113973103031715
2019,12,Australia,7.223,7.305,7.141,1.31,1.477,1.023,0.622,0.325,0.336,2.13,7.229427792842676
2024,7,Norway,7.262,7.353,7.171,1.902,1.711,0.863,0.962,0.168,0.425,1.231,7.308975929336458
2023,14,Austria,6.905,6.986,6.824,1.885,1.336,0.696,0.703,0.214,0.305,1.766,6.952189960197328
2022,11,Austria,7.097,7.176,7.018,1.927,1.382,0.535,0.63,0.191,0.31,2.124,6.9373702032766875
2021,11,Austria,7.163,7.237,7.089,1.931,1.165,0.774,0.623,0.193,0.329,2.148,7.016857648046897
2020,11,Austria,7.268,7.337,7.198,1.492,1.062,0.782,0.64,0.215,0.292,2.784,7.069323176351481
2019,9,Austria,7.294,7.36,7.229,1.317,1.437,1.001,0.603,0.256,0.281,2.398,7.141038938542871
2024,8,Israel,7.234,7.301,7.168,1.695,1.743,0.824,0.74,0.144,0.193,1.895,6.905526310031295
2023,101,Azerbaijan,4.893,5.018,4.768,1.433,0.876,0.496,0.668,0.112,0.199,1.11,5.286593139353515
2021,92,Azerbaijan,5.173,5.265,5.082,1.458,1.093,0.56,0.601,0.023,0.341,1.098,6.235857867598516
2020,91,Azerbaijan,5.171,5.25,5.091,1.025,0.841,0.541,0.526,0.043,0.276,1.919,5.081801577670322
2019,89,Azerbaijan,5.165,5.232,5.098,0.99,1.181,0.731,0.468,0.04,0.247,1.508,5.355770171859016
2024,9,Luxembourg,7.122,7.213,7.031,2.028,1.558,0.864,0.931,0.117,0.397,1.227,7.176532659723056
2022,42,Bahrain,6.173,6.369,5.977,1.883,1.269,0.389,0.748,0.199,0.138,1.546,6.4584104468677435
2021,21,Bahrain,6.647,6.779,6.514,1.854,1.029,0.625,0.693,0.199,0.155,2.092,6.295899235437692
2020,23,Bahrain,6.647,6.779,6.514,1.409,0.899,0.662,0.661,0.246,0.139,2.631,5.913748098039486
2019,40,Bahrain,6.227,6.388,6.067,1.297,1.315,0.839,0.61,0.287,0.127,1.752,6.351201824689369
2024,10,Mexico,6.979,7.068,6.889,1.435,1.504,0.55,0.879,0.057,0.118,2.438,6.159061301768373
2023,129,Bangladesh,3.886,3.994,3.778,1.122,0.249,0.513,0.775,0.14,0.167,0.919,4.344959747596878
2022,118,Bangladesh,4.282,4.416,4.148,1.133,0.513,0.355,0.617,0.139,0.165,1.361,4.6575905451585315
2021,94,Bangladesh,5.155,5.262,5.049,1.06,0.614,0.581,0.622,0.125,0.187,1.967,5.111835171572557
2020,102,Bangladesh,5.025,5.115,4.934,0.635,0.52,0.514,0.603,0.161,0.164,2.427,4.923451990910608
2019,107,Bangladesh,4.833,4.911,4.754,0.556,0.869,0.695,0.604,0.177,0.177,1.755,5.53209603625875
2021,65,Belarus,5.821,5.95,5.693,1.562,1.157,0.629,0.342,0.04,0.282,1.811,5.597383181376183
2020,76,Belarus,5.534,5.625,5.442,1.124,1.007,0.56,0.326,0.07,0.199,2.247,5.0740512705945955
2019,75,Belarus,5.54,5.613,5.467,1.019,1.387,0.753,0.291,0.09,0.194,1.807,5.434012200841634
2024,11,Australia,6.974,7.057,6.89,1.767,1.647,0.841,0.857,0.164,0.285,1.413,7.023663865435632
2023,16,Belgium,6.894,6.961,6.827,1.868,1.44,0.69,0.729,0.17,0.311,1.686,7.029088436508615
2022,17,Belgium,6.859,6.926,6.793,1.907,1.449,0.528,0.59,0.137,0.273,1.976,6.777142338107832
2021,19,Belgium,6.805,6.89,6.72,1.907,1.106,0.764,0.492,0.049,0.204,2.283,6.355136093017369
2020,21,Belgium,6.834,6.901,6.767,1.463,0.998,0.747,0.489,0.088,0.187,2.862,5.928487923860642
2019,20,Belgium,6.864,6.931,6.796,1.296,1.399,0.965,0.5,0.147,0.209,2.349,6.3510884123677
2024,12,New Zealand,6.952,7.031,6.874,1.698,1.712,0.815,0.861,0.167,0.429,1.27,7.132971380877504
2024,13,Switzerland,6.935,7.015,6.854,1.87,1.622,0.883,0.889,0.156,0.468,1.047,7.252178793174818
2023,116,Benin,4.377,4.51,4.245,0.914,0.128,0.284,0.567,0.112,0.252,2.121,4.148077979878615
2022,116,Benin,4.374,4.504,4.244,0.924,0.242,0.124,0.481,0.114,0.253,2.235,4.42165843135875
2021,115,Benin,4.623,4.754,4.492,0.932,0.064,0.335,0.479,0.127,0.23,2.458,4.268963068099603
2020,100,Benin,5.045,5.189,4.901,0.507,0.058,0.196,0.457,0.166,0.178,3.482,4.331289446521906
2019,86,Benin,5.216,5.368,5.064,0.366,0.352,0.328,0.406,0.197,0.126,3.441,4.714819561983445
2024,14,Belgium,6.91,6.974,6.845,1.783,1.646,0.852,0.895,0.119,0.306,1.309,6.9993874862630205
2023,73,Bolivia,5.784,5.895,5.674,1.217,1.179,0.488,0.719,0.1,0.061,2.02,5.624082294672966
2022,69,Bolivia,5.684,5.797,5.572,1.24,1.187,0.329,0.648,0.103,0.06,2.118,5.648202110617181
2021,71,Bolivia,5.6,5.709,5.491,1.256,0.88,0.555,0.627,0.112,0.064,2.107,5.6429016679245025
2020,70,Bolivia,5.716,5.819,5.613,0.842,0.782,0.486,0.6,0.138,0.064,2.805,5.15405366608804
2019,65,Bolivia,5.747,5.847,5.648,0.731,1.142,0.662,0.574,0.138,0.073,2.426,5.6322242188363125
2024,15,Ireland,6.889,6.977,6.801,1.988,1.659,0.823,0.906,0.179,0.382,0.952,7.154007996022798
2023,65,Bosnia and Herzegovina,5.877,5.979,5.775,1.465,1.318,0.587,0.621,0.246,0.0,1.64,5.920477961050222
2022,71,Bosnia and Herzegovina,5.633,5.775,5.49,1.467,1.361,0.429,0.485,0.247,0.008,1.635,5.547319385446165
2021,67,Bosnia and Herzegovina,5.768,5.877,5.659,1.468,1.068,0.665,0.448,0.244,0.006,1.869,5.7631385427391875
2020,65,Bosnia and Herzegovina,5.813,5.911,5.715,1.032,0.919,0.618,0.395,0.261,0.005,2.583,5.421965413236046
2019,69,Bosnia and Herzegovina,5.674,5.765,5.583,0.918,1.204,0.814,0.305,0.264,0.001,2.167,5.472624999037362
2024,16,Lithuania,6.829,6.912,6.746,1.684,1.699,0.592,0.702,0.031,0.123,1.998,6.152144408236336
2023,137,Botswana,3.383,3.558,3.209,1.445,0.969,0.241,0.567,0.014,0.082,0.066,3.739346413653183
2022,132,Botswana,3.435,3.702,3.168,1.471,1.041,0.087,0.48,0.021,0.071,0.264,3.6297909404890225
2021,142,Botswana,3.471,3.667,3.275,1.503,0.815,0.28,0.571,0.012,0.102,0.187,3.7872546514290333
2020,147,Botswana,3.467,3.611,3.322,1.099,0.724,0.34,0.539,0.027,0.088,0.648,4.076974744799185
2019,147,Botswana,3.479,3.598,3.36,0.998,1.086,0.494,0.509,0.033,0.102,0.257,4.38364734070799
2024,17,Austria,6.81,6.891,6.728,1.791,1.592,0.814,0.856,0.179,0.28,1.297,6.991328644884058
2023,44,Brazil,6.272,6.39,6.154,1.43,1.269,0.548,0.685,0.13,0.142,2.068,6.040409390010354
2022,49,Brazil,6.125,6.252,5.997,1.454,1.25,0.387,0.558,0.131,0.137,2.205,5.749788857406922
2021,38,Brazil,6.293,6.384,6.202,1.462,1.044,0.615,0.546,0.131,0.134,2.361,5.990765547080516
2020,36,Brazil,6.33,6.415,6.245,1.028,0.944,0.571,0.514,0.142,0.117,3.015,5.3377318784211
2019,32,Brazil,6.376,6.456,6.296,0.953,1.363,0.766,0.483,0.132,0.107,2.572,5.64643289337438
2024,18,Canada,6.803,6.888,6.718,1.749,1.647,0.832,0.813,0.168,0.323,1.271,7.00878389767768
2023,81,Bulgaria,5.463,5.569,5.357,1.629,1.469,0.567,0.62,0.083,0.006,1.088,5.8776854032824986
2022,77,Bulgaria,5.466,5.582,5.35,1.635,1.457,0.408,0.557,0.106,0.013,1.289,5.786739647421939
2021,85,Bulgaria,5.371,5.485,5.257,1.625,1.163,0.64,0.563,0.123,0.021,1.235,5.801344945962047
2020,89,Bulgaria,5.266,5.371,5.16,1.181,1.055,0.583,0.494,0.125,0.005,1.823,5.591354593689028
2019,96,Bulgaria,5.102,5.188,5.015,1.047,1.461,0.778,0.418,0.104,0.0,1.295,5.3612820542926585
2024,19,Slovenia,6.792,6.889,6.695,1.692,1.718,0.802,0.961,0.121,0.113,1.384,6.494754916714382
2023,110,Burkina Faso,4.548,4.686,4.41,0.756,0.685,0.274,0.483,0.173,0.179,1.999,4.454875153079375
2022,104,Burkina Faso,4.638,4.819,4.456,0.768,0.814,0.107,0.419,0.188,0.113,2.23,4.5976914743949235
2021,113,Burkina Faso,4.67,4.814,4.527,0.779,0.565,0.32,0.382,0.186,0.126,2.313,4.626891000153219
2020,114,Burkina Faso,4.834,4.993,4.675,0.364,0.472,0.179,0.381,0.182,0.122,3.133,4.6529173415392195
2019,112,Burkina Faso,4.769,4.89,4.647,0.302,0.929,0.313,0.322,0.186,0.126,2.589,4.355785368528975
2020,141,Burundi,3.775,3.985,3.565,0.0,0.062,0.155,0.298,0.172,0.212,2.876,4.2312931277192
2019,140,Burundi,3.775,3.985,3.565,0.0,0.404,0.295,0.275,0.187,0.212,2.402,4.158509387623321
2024,20,Czechia,6.775,6.854,6.696,1.692,1.716,0.658,0.916,0.118,0.084,1.591,6.360055777090906
2023,119,Cambodia,4.341,4.446,4.236,1.011,1.019,0.442,0.863,0.17,0.071,0.765,4.671865009931055
2022,115,Cambodia,4.393,4.508,4.279,1.025,1.024,0.283,0.768,0.176,0.051,1.068,4.370517604367157
2021,114,Cambodia,4.64,4.765,4.516,1.019,0.732,0.505,0.74,0.166,0.068,1.41,4.730764303853061
2020,115,Cambodia,4.83,4.963,4.698,0.603,0.68,0.426,0.702,0.21,0.061,2.148,4.557443949441065
2019,106,Cambodia,4.848,4.962,4.735,0.545,1.071,0.588,0.675,0.233,0.073,1.663,5.417555034217547
2024,21,United Arab Emirates,6.759,6.846,6.673,1.812,1.294,0.659,0.934,0.165,0.235,1.66,6.631987045037786
2023,104,Cameroon,4.874,4.996,4.753,0.943,0.856,0.288,0.521,0.126,0.06,2.08,4.658972163169912
2022,96,Cameroon,4.973,5.112,4.834,0.965,0.871,0.118,0.405,0.144,0.059,2.411,4.785996515084348
2021,102,Cameroon,5.048,5.188,4.907,0.968,0.672,0.317,0.397,0.152,0.074,2.469,4.8007717891701995
2020,92,Cameroon,5.142,5.288,4.996,0.543,0.556,0.159,0.425,0.205,0.058,3.195,4.758280337805067
2019,98,Cameroon,5.085,5.217,4.953,0.504,0.9,0.27,0.439,0.198,0.054,2.719,4.513237669131847
2024,22,Germany,6.753,6.854,6.652,1.785,1.625,0.776,0.858,0.148,0.351,1.21,7.00878389767768
2023,15,Canada,6.9,6.984,6.815,1.84,1.459,0.701,0.73,0.23,0.368,1.572,7.014208468750663
2022,13,Canada,6.961,7.042,6.879,1.881,1.484,0.541,0.656,0.218,0.364,1.815,7.014208468750663
2021,15,Canada,7.025,7.107,6.943,1.886,1.188,0.783,0.659,0.217,0.368,1.924,7.0610672381113115
2020,15,Canada,7.103,7.185,7.021,1.447,1.044,0.798,0.648,0.246,0.335,2.585,7.074098177823252
2019,11,Canada,7.232,7.311,7.153,1.302,1.435,1.023,0.644,0.282,0.352,2.195,7.2988121045303584
2019,149,Central African Republic,3.476,3.702,3.25,0.041,0.0,0.0,0.293,0.254,0.028,2.86,3.538233181916247
2024,23,United Kingdom,6.728,6.809,6.647,1.725,1.562,0.779,0.872,0.211,0.318,1.26,7.0338454499513645
2023,113,Chad,4.471,4.63,4.313,0.603,0.805,0.199,0.411,0.218,0.113,2.122,4.5866233261939735
2022,114,Chad,4.397,4.633,4.16,0.622,0.962,0.043,0.393,0.255,0.088,2.034,4.596587642739809
2021,130,Chad,4.251,4.503,3.999,0.662,0.506,0.225,0.18,0.182,0.077,2.419,4.193767516416037
2020,129,Chad,4.355,4.54,4.171,0.255,0.353,0.0,0.24,0.215,0.084,3.209,4.33156063669458
2019,127,Chad,4.423,4.57,4.275,0.302,0.739,0.109,0.229,0.211,0.086,2.747,4.414443299239268
2024,24,United States,6.724,6.82,6.629,1.839,1.614,0.604,0.644,0.171,0.161,1.69,6.690305468513415
2023,38,Chile,6.36,6.448,6.273,1.616,1.369,0.673,0.651,0.117,0.075,1.858,6.171869904765617
2022,35,Chile,6.334,6.424,6.243,1.645,1.384,0.511,0.546,0.131,0.076,2.04,6.066397518547878
2021,44,Chile,6.172,6.262,6.082,1.651,1.08,0.748,0.46,0.124,0.069,2.04,6.161251383812088
2020,44,Chile,6.172,6.262,6.081,1.2,0.946,0.678,0.438,0.159,0.07,2.682,5.773406969069709
2019,39,Chile,6.228,6.318,6.139,1.097,1.323,0.889,0.417,0.156,0.063,2.283,5.837727229020838
2024,25,Belize,6.711,6.989,6.432,1.256,1.54,0.525,1.018,0.072,0.082,2.218,6.357401926721782
2023,60,China,5.973,6.061,5.885,1.497,1.239,0.629,0.704,0.132,0.164,1.608,6.090371839916037
2022,64,China,5.818,5.905,5.731,1.51,1.249,0.468,0.666,0.115,0.145,1.666,5.859846900561321
2021,72,China,5.585,5.65,5.52,1.508,0.958,0.705,0.656,0.099,0.142,1.516,6.14732231380319
2020,85,China,5.339,5.397,5.281,1.061,0.785,0.665,0.636,0.093,0.117,1.982,5.7621219297056765
2019,94,China,5.124,5.175,5.073,0.991,1.132,0.867,0.602,0.079,0.117,1.336,5.746131978613263
2024,26,Poland,6.673,6.734,6.611,1.666,1.595,0.63,0.79,0.021,0.169,1.802,6.311646594019473
2023,78,Colombia,5.695,5.806,5.584,1.437,1.241,0.648,0.644,0.072,0.059,1.596,5.998452413781947
2022,72,Colombia,5.63,5.747,5.514,1.455,1.213,0.486,0.562,0.08,0.068,1.765,5.629070928682388
2021,66,Colombia,5.781,5.903,5.659,1.452,0.929,0.72,0.545,0.087,0.077,1.971,5.989365678431423
2020,53,Colombia,6.012,6.132,5.892,1.021,0.866,0.615,0.554,0.1,0.063,2.794,5.71599398942528
2019,44,Colombia,6.163,6.274,6.053,0.932,1.334,0.81,0.527,0.092,0.046,2.422,5.807016609882247
2024,27,Taiwan Province of China,6.669,6.76,6.579,1.73,1.583,0.817,0.76,0.057,0.187,1.534,6.559175996642788
2023,132,Comoros,3.566,3.754,3.378,0.896,0.328,0.37,0.172,0.128,0.16,1.512,3.7528245120437846
2022,130,Comoros,3.545,3.774,3.317,0.914,0.327,0.215,0.117,0.129,0.145,1.699,3.6245675761367933
2021,116,Comoros,4.609,4.849,4.368,0.899,0.476,0.424,0.185,0.195,0.125,2.304,4.361281339388317
2020,132,Comoros,4.289,4.454,4.123,0.488,0.367,0.279,0.202,0.241,0.101,2.61,4.273128034184049
2019,134,Comoros,4.289,4.454,4.123,0.416,0.723,0.437,0.181,0.259,0.1,2.173,4.213002062242697
2024,28,Uruguay,6.661,6.743,6.578,1.554,1.654,0.523,0.913,0.078,0.197,1.741,6.478233437243691
2023,89,Congo,5.221,5.396,5.047,0.892,0.622,0.306,0.523,0.124,0.138,2.617,4.569572237898286
2022,86,Congo,5.267,5.44,5.094,0.921,0.665,0.145,0.464,0.134,0.136,2.802,4.848442412944097
2021,99,Congo,5.075,5.235,4.915,0.95,0.405,0.355,0.431,0.13,0.146,2.658,4.789400936727994
2020,84,Congo,5.342,5.533,5.151,0.518,0.392,0.307,0.381,0.144,0.124,3.476,4.7000064730463444
2019,88,Congo,5.194,5.345,5.043,0.634,0.758,0.458,0.387,0.117,0.119,2.723,4.8636921379734
2024,29,Kosovo,6.659,6.761,6.557,1.281,1.454,0.896,0.893,0.201,0.087,1.847,6.486837180169245
2023,12,Costa Rica,6.955,7.051,6.86,1.561,1.373,0.661,0.797,0.109,0.123,2.333,6.216121351489676
2022,23,Costa Rica,6.609,6.71,6.507,1.587,1.34,0.503,0.683,0.099,0.116,2.281,6.140886331937855
2021,23,Costa Rica,6.582,6.683,6.481,1.584,1.054,0.744,0.661,0.089,0.102,2.346,6.364349996128421
2020,17,Costa Rica,7.069,7.179,6.96,1.134,0.966,0.722,0.673,0.105,0.083,3.387,6.19582205850236
2019,15,Costa Rica,7.121,7.209,7.034,0.981,1.375,0.94,0.645,0.131,0.096,2.953,6.2636255935176886
2024,30,Kuwait,6.629,6.738,6.52,1.691,1.481,0.766,0.934,0.143,0.167,1.448,6.615873249669554
2023,96,Côte d’Ivoire,5.08,5.224,4.936,1.08,0.578,0.288,0.547,0.12,0.164,2.303,4.6855262827806605
2022,93,Côte d’Ivoire,5.053,5.198,4.907,1.094,0.584,0.12,0.467,0.138,0.131,2.519,4.7934997955434575
2021,88,Côte d’Ivoire,5.235,5.384,5.085,1.094,0.442,0.322,0.451,0.149,0.124,2.652,4.7631522815207195
2020,86,Côte d’Ivoire,5.306,5.46,5.152,0.669,0.409,0.052,0.438,0.177,0.092,3.469,4.67431050102584
2019,85,Côte d’Ivoire,5.233,5.377,5.09,0.537,0.8,0.155,0.397,0.17,0.093,3.081,4.914707458506337
2024,31,Serbia,6.606,6.698,6.513,1.489,1.62,0.545,0.767,0.131,0.107,1.946,6.224646525881634
2023,63,Croatia,5.942,6.047,5.837,1.71,1.445,0.637,0.469,0.064,0.043,1.574,5.931914226539633
2022,48,Croatia,6.125,6.237,6.013,1.727,1.455,0.475,0.5,0.087,0.003,1.88,5.954951622584526
2021,47,Croatia,6.125,6.229,6.022,1.705,1.183,0.709,0.535,0.109,0.0,1.884,6.070333986431562
2020,61,Croatia,5.882,5.975,5.788,1.251,1.039,0.703,0.453,0.111,0.0,2.325,5.855964100568343
2019,79,Croatia,5.505,5.579,5.431,1.109,1.311,0.901,0.381,0.114,0.012,1.676,5.6671882563316744
2024,32,Saudi Arabia,6.6,6.702,6.497,1.743,1.566,0.714,0.915,0.105,0.187,1.37,6.651351511663991
2023,50,Cyprus,6.068,6.182,5.954,1.794,1.217,0.744,0.529,0.124,0.049,1.611,6.0755530877738195
2022,46,Cyprus,6.13,6.236,6.024,1.824,1.224,0.58,0.455,0.104,0.05,1.893,6.158240982293065
2021,41,Cyprus,6.221,6.32,6.122,1.815,0.909,0.819,0.448,0.123,0.062,2.044,6.059626186022369
2020,40,Cyprus,6.223,6.319,6.128,1.377,0.765,0.801,0.464,0.178,0.061,2.578,5.96009975795694
2019,45,Cyprus,6.159,6.258,6.06,1.213,1.149,1.026,0.459,0.228,0.051,2.032,6.1505556441134575
2024,33,France,6.593,6.668,6.517,1.733,1.535,0.832,0.743,0.099,0.264,1.386,6.8343686046034815
2023,18,Czechia,6.822,6.903,6.741,1.783,1.511,0.638,0.787,0.177,0.068,1.858,6.362751635531996
2022,18,Czechia,6.845,6.931,6.759,1.823,1.544,0.477,0.693,0.158,0.05,2.099,6.585634212090087
2021,18,Czechia,6.92,7.029,6.811,1.815,1.26,0.715,0.66,0.158,0.048,2.263,6.59164698780786
2020,19,Czechia,6.965,7.062,6.868,1.37,1.09,0.703,0.58,0.052,0.046,3.124,6.114606927661441
2019,19,Czechia,6.911,6.995,6.827,1.212,1.405,0.895,0.506,0.046,0.05,2.797,6.027847116296764
2024,34,Singapore,6.565,6.65,6.481,2.022,1.565,0.935,0.856,0.164,0.522,0.501,7.150568994051224
2023,2,Denmark,7.583,7.665,7.5,1.908,1.52,0.699,0.823,0.204,0.548,1.881,6.955502139456092
2022,2,Denmark,7.586,7.667,7.506,1.949,1.548,0.537,0.734,0.208,0.525,2.084,7.353593024843142
2021,2,Denmark,7.636,7.71,7.563,1.953,1.243,0.777,0.719,0.188,0.532,2.226,7.268299623381441
2020,3,Denmark,7.62,7.687,7.552,1.502,1.108,0.763,0.686,0.208,0.485,2.868,7.197783429794094
2019,2,Denmark,7.646,7.711,7.58,1.327,1.503,0.979,0.665,0.243,0.495,2.433,7.497066104055757
2024,35,Romania,6.563,6.655,6.47,1.636,1.401,0.561,0.847,0.028,0.015,2.075,6.1442588495183434
2023,69,Dominican Republic,5.823,5.967,5.679,1.517,1.272,0.511,0.73,0.086,0.196,1.512,6.101286318645053
2022,73,Dominican Republic,5.569,5.712,5.426,1.536,1.227,0.351,0.623,0.083,0.195,1.553,5.890809160769887
2021,69,Dominican Republic,5.737,5.873,5.601,1.538,1.003,0.577,0.606,0.084,0.179,1.751,5.910643158755766
2020,74,Dominican Republic,5.545,5.685,5.405,1.106,0.879,0.555,0.581,0.101,0.144,2.178,5.527140421554321
2019,68,Dominican Republic,5.689,5.826,5.552,0.983,1.329,0.742,0.563,0.112,0.116,1.844,5.932446255480846
2024,36,Brazil,6.494,6.593,6.394,1.391,1.519,0.48,0.83,0.089,0.127,2.057,6.016953937595735
2023,139,DR Congo,3.295,3.462,3.128,0.534,0.665,0.262,0.473,0.189,0.072,1.102,4.273546450409046
2022,133,DR Congo,3.207,3.394,3.02,0.531,0.784,0.105,0.375,0.183,0.068,1.162,3.867640863934804
2019,131,DR Congo,4.311,4.525,4.097,0.062,0.833,0.277,0.365,0.254,0.081,2.438,4.409258425785796
2024,37,El Salvador,6.492,6.619,6.365,1.222,1.228,0.559,0.955,0.054,0.264,2.211,6.357610209066972
2023,74,Ecuador,5.725,5.85,5.599,1.315,1.151,0.64,0.606,0.087,0.078,1.846,5.929483418355082
2022,74,Ecuador,5.559,5.682,5.436,1.343,1.173,0.476,0.56,0.079,0.069,1.86,5.536806796916018
2021,76,Ecuador,5.533,5.653,5.414,1.352,0.879,0.708,0.565,0.08,0.083,1.866,5.742300166461752
2020,67,Ecuador,5.764,5.875,5.653,0.935,0.806,0.64,0.56,0.107,0.062,2.653,5.7666770153925215
2019,58,Ecuador,5.925,6.029,5.822,0.853,1.221,0.839,0.555,0.115,0.087,2.255,5.731163879861757
2024,38,Spain,6.466,6.547,6.385,1.69,1.685,0.894,0.734,0.112,0.18,1.17,6.582039369864252
2023,127,Egypt,3.977,4.066,3.887,1.37,0.996,0.488,0.49,0.025,0.259,0.349,4.375383957378795
2022,121,Egypt,4.17,4.287,4.054,1.377,0.972,0.326,0.467,0.038,0.25,0.74,4.233210954983335
2021,129,Egypt,4.288,4.377,4.198,1.388,0.732,0.548,0.469,0.041,0.254,0.856,4.77962808997706
2020,133,Egypt,4.283,4.371,4.195,0.954,0.647,0.426,0.446,0.069,0.092,1.648,4.417564618874252
2019,138,Egypt,4.151,4.222,4.081,0.875,0.983,0.597,0.374,0.069,0.095,1.159,4.55130337823829
2024,39,Estonia,6.417,6.497,6.337,1.65,1.716,0.642,0.902,0.128,0.378,1.001,6.822052365700205
2023,33,El Salvador,6.469,6.599,6.338,1.265,1.08,0.549,0.816,0.083,0.253,2.424,6.064227182753905
2022,50,El Salvador,6.122,6.257,5.986,1.278,1.044,0.383,0.713,0.079,0.222,2.403,5.4480152862368705
2021,49,El Salvador,6.12,6.25,5.99,1.265,0.768,0.607,0.666,0.089,0.212,2.514,5.868492557000664
2020,50,El Salvador,6.061,6.188,5.933,0.845,0.675,0.565,0.615,0.116,0.16,3.085,5.3137572163835936
2019,34,El Salvador,6.348,6.462,6.234,0.749,1.149,0.753,0.524,0.119,0.117,2.937,5.74241780907192
2024,40,Italy,6.415,6.521,6.309,1.724,1.526,0.852,0.641,0.082,0.071,1.517,6.3532513331041836
2023,34,Estonia,6.448,6.524,6.371,1.752,1.527,0.657,0.805,0.166,0.401,1.138,6.793142244646423
2022,31,Estonia,6.455,6.534,6.377,1.798,1.526,0.494,0.728,0.153,0.372,1.383,6.732997195428596
2021,36,Estonia,6.341,6.415,6.266,1.793,1.232,0.728,0.689,0.123,0.333,1.442,6.8965653267588936
2020,41,Estonia,6.189,6.263,6.115,1.344,1.079,0.64,0.641,0.119,0.263,2.103,6.444178626633476
2019,51,Estonia,6.022,6.092,5.951,1.192,1.453,0.843,0.577,0.125,0.202,1.63,6.39433726771484
2024,41,Panama,6.407,6.531,6.284,1.594,1.6,0.717,0.876,0.041,0.042,1.537,6.280018065966863
2023,135,Eswatini,3.502,3.673,3.331,1.255,0.925,0.176,0.284,0.059,0.116,0.686,3.7942173460973505
2021,125,Eswatini,4.396,4.607,4.185,1.274,0.786,0.197,0.259,0.038,0.154,1.688,4.230474704446049
2024,42,Argentina,6.397,6.492,6.302,1.504,1.622,0.579,0.824,0.048,0.083,1.736,6.193060183787747
2023,130,Ethiopia,3.861,3.997,3.725,0.792,0.915,0.42,0.441,0.27,0.101,0.923,4.2557530132110895
2022,124,Ethiopia,4.091,4.273,3.908,0.793,1.114,0.25,0.451,0.283,0.101,1.099,4.1830878907944635
2021,131,Ethiopia,4.241,4.365,4.118,0.788,0.809,0.457,0.472,0.205,0.136,1.375,4.303404917765066
2020,134,Ethiopia,4.275,4.374,4.175,0.37,0.679,0.331,0.451,0.241,0.114,2.089,4.58531129966197
2019,136,Ethiopia,4.186,4.262,4.11,0.315,1.001,0.484,0.413,0.228,0.117,1.628,4.706773128244687
2024,43,Kazakhstan,6.378,6.462,6.294,1.586,1.688,0.504,0.878,0.111,0.118,1.492,6.302577301117358
2023,1,Finland,7.741,7.815,7.667,1.844,1.572,0.695,0.859,0.142,0.546,2.082,7.547362744741679
2022,1,Finland,7.804,7.875,7.733,1.888,1.585,0.535,0.772,0.126,0.535,2.363,7.595149336843881
2021,1,Finland,7.821,7.886,7.756,1.892,1.258,0.775,0.736,0.109,0.534,2.518,7.494148200887851
2020,2,Finland,7.842,7.904,7.78,1.446,1.106,0.741,0.691,0.124,0.481,3.253,7.255568828648289
2019,1,Finland,7.809,7.87,7.748,1.285,1.5,0.961,0.662,0.16,0.478,2.763,7.4185284811178915
2024,44,Guatemala,6.362,6.503,6.222,1.249,1.33,0.376,0.882,0.075,0.085,2.365,5.787238511403523
2023,27,France,6.609,6.685,6.533,1.818,1.348,0.727,0.65,0.112,0.281,1.672,7.045129818218622
2022,21,France,6.661,6.735,6.588,1.856,1.433,0.566,0.582,0.083,0.27,1.872,6.71922083398464
2021,20,France,6.687,6.758,6.615,1.863,1.219,0.808,0.567,0.07,0.266,1.895,6.707808411892307
2020,22,France,6.69,6.762,6.618,1.421,1.081,0.804,0.536,0.092,0.235,2.521,6.39410863704771
2019,23,France,6.664,6.737,6.59,1.268,1.459,1.03,0.514,0.113,0.227,2.053,6.37727337798765
2024,45,Chile,6.361,6.449,6.273,1.537,1.577,0.711,0.779,0.093,0.085,1.579,6.443317701725636
2023,95,Gabon,5.106,5.243,4.969,1.403,1.038,0.344,0.516,0.045,0.1,1.66,4.862726460904672
2022,94,Gabon,5.035,5.175,4.894,1.438,1.021,0.183,0.346,0.036,0.102,1.908,4.053077943290756
2021,106,Gabon,4.958,5.091,4.826,1.459,0.738,0.396,0.343,0.032,0.099,1.892,4.520581000314529
2020,113,Gabon,4.852,4.998,4.706,1.037,0.707,0.362,0.424,0.058,0.064,2.201,4.36211113933806
2019,108,Gabon,4.829,4.947,4.711,0.988,1.106,0.523,0.369,0.052,0.056,1.735,4.873854498011389
2024,46,Viet Nam,6.352,6.424,6.28,1.278,1.533,0.631,1.012,0.039,0.174,1.684,6.291172333518872
2023,112,Gambia,4.485,4.625,4.344,0.75,0.684,0.33,0.459,0.324,0.048,1.89,4.474273091804774
2022,119,Gambia,4.279,4.484,4.075,0.761,0.614,0.174,0.286,0.332,0.033,2.081,4.15428051288977
2021,93,Gambia,5.164,5.409,4.918,0.785,0.621,0.369,0.367,0.388,0.103,2.531,4.889096826749677
2020,99,Gambia,5.051,5.225,4.877,0.367,0.511,0.21,0.384,0.465,0.123,2.99,4.764877072322637
2019,113,Gambia,4.751,4.882,4.619,0.257,0.883,0.353,0.403,0.426,0.158,2.27,4.7032209150655175
2024,47,Nicaragua,6.33,6.475,6.186,1.084,1.47,0.646,0.912,0.103,0.271,1.844,6.268678529765509
2023,91,Georgia,5.185,5.283,5.087,1.467,0.99,0.524,0.68,0.0,0.174,1.349,5.377231304996389
2022,90,Georgia,5.109,5.219,5.0,1.477,0.947,0.366,0.539,0.0,0.201,1.58,4.597399609114981
2021,105,Georgia,4.973,5.079,4.867,1.467,0.612,0.595,0.508,0.0,0.208,1.583,4.955291348188991
2020,109,Georgia,4.891,4.998,4.785,1.03,0.47,0.498,0.488,0.032,0.181,2.191,4.531636399962517
2019,117,Georgia,4.673,4.758,4.588,0.847,0.731,0.695,0.485,0.048,0.174,1.692,4.939331570236486
2024,48,Malta,6.316,6.398,6.234,1.76,1.671,0.837,0.837,0.217,0.115,0.879,6.497291805287809
2023,24,Germany,6.719,6.815,6.622,1.871,1.39,0.702,0.7,0.174,0.368,1.513,6.959284383853304
2022,16,Germany,6.892,6.989,6.795,1.919,1.401,0.539,0.618,0.153,0.365,1.898,6.87235716711206
2021,14,Germany,7.034,7.122,6.947,1.924,1.088,0.776,0.585,0.163,0.358,2.142,6.995170314220218
2020,14,Germany,7.155,7.232,7.077,1.48,0.993,0.757,0.6,0.195,0.306,2.824,6.721000331401301
2019,17,Germany,7.076,7.146,7.006,1.314,1.369,0.972,0.564,0.252,0.309,2.295,6.59663309081274
2024,49,Thailand,6.222,6.327,6.117,1.426,1.551,0.633,0.927,0.223,0.039,1.423,6.08955517825369
2023,120,Ghana,4.289,4.396,4.182,1.077,0.747,0.36,0.623,0.183,0.028,1.273,4.382322665895425
2022,107,Ghana,4.605,4.729,4.481,1.101,0.756,0.197,0.526,0.211,0.035,1.779,4.639369515587964
2021,111,Ghana,4.872,4.999,4.745,1.112,0.595,0.409,0.5,0.23,0.056,1.972,4.621461238725749
2020,96,Ghana,5.088,5.219,4.958,0.68,0.595,0.287,0.517,0.268,0.058,2.684,4.363527382730897
2019,91,Ghana,5.148,5.263,5.033,0.576,0.966,0.432,0.477,0.261,0.057,2.378,4.584543224597732
2024,50,Slovakia,6.221,6.288,6.154,1.629,1.762,0.547,0.704,0.058,0.07,1.451,6.276185271606228
2023,64,Greece,5.934,6.027,5.84,1.684,1.276,0.696,0.337,0.018,0.093,1.83,5.756607135116514
2022,58,Greece,5.931,6.024,5.838,1.708,1.247,0.535,0.248,0.008,0.097,2.089,5.159128518498817
2021,58,Greece,5.948,6.043,5.853,1.703,0.98,0.774,0.249,0.015,0.108,2.119,4.932929707586338
2020,69,Greece,5.723,5.813,5.632,1.273,0.811,0.76,0.243,0.0,0.074,2.561,4.993548732421409
2019,77,Greece,5.515,5.607,5.423,1.128,1.169,0.979,0.174,0.0,0.049,2.016,5.2832835896387955
2024,51,Latvia,6.207,6.292,6.123,1.619,1.711,0.503,0.789,0.108,0.082,1.396,6.302577301117358
2023,42,Guatemala,6.287,6.457,6.117,1.26,1.169,0.467,0.735,0.105,0.078,2.473,5.624082294672966
2022,43,Guatemala,6.15,6.362,5.939,1.287,1.188,0.31,0.631,0.106,0.066,2.562,5.633792226671302
2021,39,Guatemala,6.262,6.46,6.064,1.274,0.831,0.522,0.662,0.112,0.115,2.746,5.6792754679630955
2020,31,Guatemala,6.435,6.577,6.292,0.845,0.79,0.519,0.638,0.163,0.105,3.375,5.287027019057679
2019,29,Guatemala,6.399,6.513,6.284,0.754,1.174,0.706,0.613,0.171,0.098,2.883,5.6516119415467685
2023,97,Guinea,5.023,5.166,4.881,0.831,0.622,0.236,0.521,0.21,0.107,2.497,4.1086000799315086
2022,91,Guinea,5.072,5.213,4.931,0.844,0.776,0.072,0.369,0.204,0.102,2.705,4.744896792381345
2021,109,Guinea,4.891,5.028,4.753,0.848,0.566,0.275,0.334,0.214,0.116,2.538,4.515162037494221
2020,103,Guinea,4.984,5.16,4.808,0.42,0.399,0.206,0.384,0.25,0.111,3.216,4.600444763887842
2019,102,Guinea,4.949,5.092,4.806,0.39,0.751,0.334,0.372,0.249,0.112,2.741,4.6685860626633655
2020,144,Haiti,3.615,3.953,3.276,0.294,0.173,0.227,0.257,0.463,0.139,2.06,4.128247329260209
2019,142,Haiti,3.721,3.92,3.522,0.285,0.647,0.374,0.169,0.464,0.162,1.62,3.936230642471228
2024,53,Uzbekistan,6.193,6.297,6.088,1.179,1.615,0.654,0.977,0.195,0.208,1.364,6.383072202163599
2023,61,Honduras,5.968,6.114,5.822,1.091,1.035,0.502,0.72,0.175,0.081,2.364,5.483498417272796
2022,53,Honduras,6.023,6.196,5.849,1.115,1.072,0.341,0.613,0.189,0.062,2.631,4.862460924518126
2021,55,Honduras,6.022,6.189,5.855,1.111,0.885,0.555,0.582,0.202,0.076,2.611,5.541461309806306
2020,60,Honduras,5.919,6.081,5.758,0.703,0.787,0.593,0.578,0.241,0.083,2.934,5.319986297283965
2019,56,Honduras,5.953,6.082,5.824,0.599,1.187,0.792,0.568,0.257,0.087,2.464,5.686936290433647
2024,54,Paraguay,6.172,6.279,6.064,1.329,1.615,0.291,0.921,0.097,0.063,1.857,5.909802495861807
2023,86,Hong Kong SAR of China,5.316,5.403,5.229,1.909,1.184,0.857,0.485,0.147,0.402,0.333,5.819934294090768
2022,82,Hong Kong SAR of China,5.308,5.403,5.214,1.951,1.201,0.702,0.407,0.123,0.39,0.535,5.74162575827471
2021,81,Hong Kong SAR of China,5.425,5.501,5.348,1.957,0.954,0.942,0.4,0.147,0.383,0.642,5.899831529475736
2020,78,Hong Kong SAR of China,5.477,5.573,5.38,1.525,0.841,0.893,0.408,0.232,0.342,1.236,5.879368412929861
2019,78,Hong Kong SAR of China,5.51,5.601,5.42,1.377,1.244,1.137,0.459,0.288,0.332,0.673,5.672995859313237
2024,55,Japan,6.147,6.23,6.063,1.678,1.55,0.921,0.746,0.014,0.2,1.038,6.263520089189169
2023,56,Hungary,6.017,6.124,5.91,1.722,1.528,0.596,0.581,0.123,0.067,1.4,6.2035112521154305
2022,51,Hungary,6.041,6.149,5.933,1.754,1.519,0.435,0.501,0.105,0.065,1.663,6.133785676602604
2021,51,Hungary,6.086,6.187,5.985,1.748,1.233,0.668,0.485,0.078,0.064,1.812,6.047496080962933
2020,54,Hungary,5.992,6.085,5.899,1.301,1.083,0.615,0.454,0.067,0.04,2.432,5.722960464778314
2019,53,Hungary,6.0,6.078,5.923,1.164,1.423,0.807,0.386,0.07,0.028,2.122,5.985194188607869
2024,56,Bosnia and Herzegovina,6.136,6.234,6.039,1.405,1.545,0.616,0.749,0.178,0.009,1.635,5.936727718288287
2023,3,Iceland,7.525,7.618,7.433,1.881,1.617,0.718,0.819,0.258,0.182,2.05,7.174750046371383
2022,3,Iceland,7.53,7.625,7.434,1.926,1.62,0.559,0.738,0.25,0.187,2.25,7.137556460144676
2021,3,Iceland,7.557,7.651,7.464,1.936,1.32,0.803,0.718,0.27,0.191,2.32,6.999798481076094
2020,5,Iceland,7.554,7.67,7.438,1.482,1.172,0.772,0.698,0.293,0.17,2.967,6.6886022831161105
2019,4,Iceland,7.504,7.621,7.388,1.327,1.548,1.001,0.662,0.362,0.145,2.461,7.1742477500783215
2024,57,Philippines,6.107,6.22,5.994,1.177,1.385,0.315,0.966,0.075,0.11,2.079,5.818606461864586
2023,126,India,4.054,4.123,3.985,1.166,0.653,0.417,0.767,0.174,0.122,0.756,4.485937274004708
2022,126,India,4.036,4.092,3.98,1.159,0.674,0.252,0.685,0.175,0.111,0.979,4.365370518345496
2021,136,India,3.777,3.828,3.726,1.167,0.376,0.471,0.647,0.198,0.123,0.795,4.962194764063243
2020,140,India,3.819,3.869,3.769,0.741,0.316,0.383,0.622,0.246,0.106,1.405,4.017813067122956
2019,144,India,3.573,3.628,3.519,0.731,0.644,0.541,0.581,0.237,0.106,0.734,4.791219152326082
2024,58,Republic of Korea,6.038,6.131,5.945,1.709,1.357,0.903,0.678,0.1,0.139,1.152,6.244216411564621
2023,80,Indonesia,5.568,5.67,5.466,1.361,1.184,0.472,0.779,0.399,0.055,1.318,5.5897343054622315
2022,84,Indonesia,5.277,5.392,5.161,1.384,1.169,0.314,0.663,0.422,0.038,1.288,5.555912058927632
2021,87,Indonesia,5.24,5.341,5.139,1.382,0.883,0.539,0.62,0.468,0.047,1.3,5.567283119197205
2020,83,Indonesia,5.345,5.454,5.235,0.954,0.786,0.433,0.598,0.541,0.046,1.987,5.031936181084651
2019,84,Indonesia,5.286,5.379,5.192,0.892,1.155,0.61,0.568,0.543,0.038,1.48,5.578934846007989
2024,59,Bahrain,6.03,6.17,5.891,1.752,1.391,0.609,0.907,0.148,0.167,1.057,6.365071095682866
2023,100,Iran,4.923,5.024,4.822,1.435,1.136,0.571,0.366,0.235,0.123,1.057,5.697395295222293
2022,101,Iran,4.876,4.98,4.772,1.465,1.102,0.411,0.281,0.229,0.13,1.259,4.973080967710994
2021,110,Iran,4.888,4.995,4.78,1.41,0.741,0.642,0.281,0.241,0.146,1.427,4.687371998037939
2020,119,Iran,4.721,4.828,4.614,1.03,0.557,0.561,0.275,0.33,0.144,1.823,4.661863227434323
2019,118,Iran,4.672,4.782,4.563,1.029,0.886,0.749,0.301,0.277,0.143,1.287,5.216437446011899
2024,60,Portugal,6.013,6.118,5.907,1.646,1.56,0.822,0.879,0.04,0.034,1.032,6.097548665491437
2023,92,Iraq,5.166,5.283,5.049,1.249,0.996,0.498,0.425,0.141,0.048,1.809,5.218840944702719
2022,98,Iraq,4.941,5.099,4.783,1.281,0.953,0.324,0.351,0.134,0.038,1.861,4.918138672217258
2021,107,Iraq,4.941,5.099,4.783,1.289,0.682,0.554,0.328,0.147,0.046,1.894,4.977041239619286
2020,112,Iraq,4.854,4.97,4.738,0.91,0.638,0.381,0.302,0.153,0.041,2.429,4.3200361354499615
2019,110,Iraq,4.785,4.937,4.632,0.982,1.011,0.529,0.284,0.153,0.073,1.752,4.730055772416554
2024,61,Colombia,6.004,6.112,5.897,1.38,1.513,0.587,0.777,0.039,0.051,1.658,6.039865464872117
2023,17,Ireland,6.838,6.927,6.749,2.129,1.39,0.7,0.758,0.205,0.418,1.239,7.128198475064904
2022,14,Ireland,6.911,6.996,6.825,2.152,1.425,0.539,0.656,0.186,0.409,1.545,7.183122559962263
2021,13,Ireland,7.041,7.121,6.961,2.129,1.166,0.779,0.627,0.19,0.408,1.743,7.117237235182468
2020,16,Ireland,7.085,7.164,7.006,1.644,1.092,0.753,0.606,0.238,0.367,2.384,6.904178012372504
2019,16,Ireland,7.094,7.172,7.016,1.447,1.471,0.976,0.588,0.295,0.373,1.944,7.188388176098271
2024,62,Ecuador,5.965,6.083,5.848,1.299,1.32,0.702,0.712,0.058,0.066,1.808,5.932887814196774
2023,5,Israel,7.341,7.405,7.277,1.803,1.513,0.74,0.641,0.153,0.193,2.298,6.838175423680265
2022,4,Israel,7.473,7.535,7.411,1.833,1.521,0.577,0.569,0.124,0.158,2.691,6.5625613152918225
2021,9,Israel,7.364,7.426,7.301,1.826,1.221,0.818,0.568,0.155,0.143,2.634,6.591819498702582
2020,13,Israel,7.157,7.224,7.09,1.376,1.074,0.788,0.509,0.208,0.119,3.083,6.18593750333431
2019,14,Israel,7.129,7.212,7.045,1.216,1.403,1.008,0.421,0.267,0.1,2.713,6.637045197528519
2024,63,Honduras,5.964,6.108,5.821,1.036,1.187,0.436,0.862,0.134,0.079,2.229,4.978260685270578
2023,41,Italy,6.324,6.436,6.211,1.8,1.328,0.72,0.513,0.112,0.074,1.777,6.345419832061929
2022,33,Italy,6.405,6.511,6.298,1.832,1.365,0.559,0.438,0.097,0.063,2.052,6.177188336687714
2021,31,Italy,6.467,6.57,6.363,1.834,1.052,0.801,0.412,0.085,0.059,2.222,6.269620498634184
2020,29,Italy,6.483,6.572,6.395,1.393,0.94,0.798,0.379,0.133,0.047,2.794,6.051917490255077
2019,30,Italy,6.387,6.472,6.303,1.236,1.347,1.023,0.321,0.17,0.04,2.25,6.240556679974949
2024,64,Malaysia,5.955,6.055,5.854,1.571,1.315,0.446,0.991,0.181,0.11,1.341,5.97970683149922
2023,67,Jamaica,5.842,6.059,5.624,1.28,1.324,0.567,0.647,0.089,0.028,1.907,5.8859707168535556
2022,68,Jamaica,5.703,5.876,5.529,1.305,1.329,0.411,0.587,0.079,0.039,1.954,5.7104820346029905
2021,63,Jamaica,5.85,6.023,5.676,1.296,1.045,0.646,0.567,0.08,0.053,2.164,5.945591332629011
2020,38,Jamaica,6.309,6.615,6.004,0.891,0.932,0.599,0.618,0.099,0.035,3.135,5.729744188519272
2019,60,Jamaica,5.89,6.126,5.653,0.779,1.408,0.788,0.553,0.116,0.03,2.214,5.744694494793267
2024,65,Peru,5.947,6.049,5.844,1.323,1.364,0.551,0.71,0.05,0.021,1.929,5.904720569422531
2023,51,Japan,6.06,6.144,5.976,1.786,1.354,0.785,0.632,0.023,0.219,1.261,6.221627104715338
2022,47,Japan,6.129,6.211,6.047,1.825,1.396,0.622,0.556,0.009,0.207,1.513,6.23451765441949
2021,54,Japan,6.039,6.119,5.959,1.835,1.089,0.866,0.537,0.007,0.218,1.487,6.202358390911063
2020,57,Japan,5.94,6.02,5.861,1.389,0.949,0.838,0.504,0.02,0.192,2.048,5.519120670009004
2019,62,Japan,5.871,5.952,5.79,1.267,1.332,1.073,0.495,0.036,0.181,1.486,6.024141064864299
2024,66,Russian Federation,5.945,6.026,5.865,1.63,1.549,0.47,0.702,0.095,0.125,1.373,6.237243790093981
2023,125,Jordan,4.186,4.306,4.066,1.262,0.983,0.594,0.593,0.059,0.189,0.504,5.293317204300629
2022,123,Jordan,4.12,4.242,3.997,1.292,0.98,0.438,0.517,0.056,0.173,0.663,4.648170301728847
2021,134,Jordan,4.152,4.276,4.029,1.324,0.724,0.675,0.476,0.058,0.2,0.695,4.9590960816991725
2020,128,Jordan,4.395,4.516,4.273,0.89,0.685,0.583,0.455,0.079,0.15,1.553,4.88395333445663
2019,119,Jordan,4.633,4.749,4.518,0.785,1.14,0.778,0.425,0.091,0.152,1.262,5.158049554416495
2024,67,Cyprus,5.942,6.058,5.827,1.72,1.348,0.84,0.612,0.108,0.041,1.273,6.22494456460552
2023,49,Kazakhstan,6.188,6.278,6.097,1.622,1.457,0.556,0.733,0.149,0.12,1.551,6.250152430679259
2022,44,Kazakhstan,6.144,6.239,6.049,1.664,1.491,0.389,0.628,0.136,0.149,1.688,6.147645738278815
2021,40,Kazakhstan,6.234,6.33,6.138,1.668,1.22,0.611,0.584,0.134,0.157,1.86,6.12246055374009
2020,46,Kazakhstan,6.152,6.243,6.06,1.23,1.103,0.527,0.573,0.143,0.132,2.446,5.873923583718823
2019,50,Kazakhstan,6.058,6.143,5.973,1.123,1.453,0.699,0.497,0.154,0.11,2.022,5.864011465041656
2024,68,China,5.921,6.023,5.819,1.445,1.307,0.789,0.764,0.079,0.154,1.382,6.358466334121511
2023,114,Kenya,4.47,4.595,4.344,1.037,0.895,0.353,0.519,0.282,0.069,1.316,4.640881631805923
2022,111,Kenya,4.487,4.616,4.357,1.051,0.881,0.19,0.418,0.291,0.055,1.601,4.604094031050986
2021,119,Kenya,4.543,4.683,4.403,1.032,0.605,0.401,0.44,0.322,0.082,1.661,4.7463628243475675
2020,122,Kenya,4.607,4.747,4.466,0.603,0.508,0.385,0.483,0.375,0.073,2.18,4.489643752547335
2019,121,Kenya,4.583,4.716,4.45,0.476,0.905,0.536,0.519,0.394,0.067,1.685,4.842431110967878
2024,69,Hungary,5.915,6.02,5.809,1.638,1.742,0.587,0.681,0.099,0.057,1.111,6.216323366830453
2023,29,Kosovo,6.561,6.667,6.455,1.364,1.277,0.599,0.739,0.254,0.073,2.255,6.044310581436077
2022,34,Kosovo,6.368,6.485,6.25,1.374,1.269,0.372,0.639,0.275,0.045,2.393,5.7407043916480225
2021,32,Kosovo,6.455,6.571,6.339,1.362,0.949,0.569,0.599,0.309,0.035,2.631,5.8133985785243825
2020,34,Kosovo,6.372,6.487,6.257,0.937,0.807,0.483,0.593,0.356,0.014,3.182,5.924303785912889
2019,35,Kosovo,6.325,6.428,6.223,0.84,1.184,0.673,0.557,0.325,0.009,2.737,5.935264522100766
2024,70,Trinidad and Tobago,5.905,6.159,5.651,1.549,1.532,0.419,0.76,0.111,0.001,1.533,5.8355621985913855
2023,13,Kuwait,6.951,7.06,6.843,1.845,1.364,0.661,0.827,0.2,0.172,1.884,6.737856082222149
2021,50,Kuwait,6.106,6.235,5.977,1.904,0.983,0.747,0.617,0.087,0.147,1.621,6.32196453673323
2020,48,Kuwait,6.106,6.235,5.977,1.461,0.857,0.58,0.591,0.12,0.13,2.368,5.659785303733365
2019,48,Kuwait,6.102,6.207,5.998,1.425,1.245,0.776,0.57,0.133,0.113,1.84,6.251311902135969
2024,71,Montenegro,5.877,5.965,5.789,1.507,1.551,0.618,0.768,0.075,0.138,1.22,6.187545497881938
2023,75,Kyrgyzstan,5.714,5.795,5.632,1.054,1.477,0.588,0.834,0.225,0.03,1.505,5.576768163292194
2022,62,Kyrgyzstan,5.825,5.913,5.737,1.061,1.439,0.417,0.735,0.234,0.018,1.92,5.298563495346179
2021,64,Kyrgyzstan,5.828,5.916,5.741,1.069,1.109,0.638,0.693,0.208,0.025,2.087,5.761269716638073
2020,68,Kyrgyzstan,5.744,5.834,5.653,0.665,0.971,0.501,0.673,0.266,0.02,2.648,5.326902700082306
2019,74,Kyrgyzstan,5.542,5.627,5.456,0.513,1.341,0.681,0.615,0.301,0.03,2.06,5.725722523271594
2024,72,Croatia,5.87,5.963,5.777,1.644,1.673,0.669,0.478,0.022,0.065,1.319,5.875123138028999
2023,94,Lao PDR,5.139,5.261,5.017,1.208,0.846,0.423,0.796,0.17,0.167,1.529,4.984440040551047
2022,89,Lao PDR,5.111,5.269,4.952,1.232,0.853,0.257,0.715,0.185,0.162,1.707,4.964041255958568
2021,95,Lao PDR,5.14,5.263,5.018,1.239,0.654,0.479,0.679,0.197,0.184,1.709,5.097451809956491
2020,101,Lao PDR,5.03,5.119,4.941,0.808,0.598,0.33,0.643,0.268,0.179,2.204,4.240160149492335
2019,104,Lao PDR,4.889,4.968,4.81,0.715,0.987,0.486,0.612,0.273,0.194,1.621,4.888202395522454
2024,73,Jamaica,5.87,6.178,5.563,1.182,1.545,0.504,0.869,0.075,0.019,1.676,5.8617374271297535
2023,46,Latvia,6.234,6.314,6.155,1.7,1.508,0.564,0.666,0.127,0.078,1.59,6.26030503901642
2022,41,Latvia,6.213,6.295,6.131,1.737,1.505,0.405,0.58,0.107,0.071,1.808,6.2362383617861425
2021,42,Latvia,6.18,6.255,6.106,1.732,1.221,0.637,0.502,0.075,0.09,1.923,6.047496080962933
2020,52,Latvia,6.032,6.103,5.961,1.285,1.047,0.587,0.405,0.082,0.089,2.536,5.784765312998322
2019,57,Latvia,5.95,6.018,5.882,1.141,1.414,0.778,0.329,0.075,0.09,2.121,5.80776204416905
2024,74,Bolivia,5.868,5.977,5.758,1.173,1.356,0.346,0.817,0.067,0.052,2.057,5.619603956024763
2023,142,Lebanon,2.707,2.797,2.616,1.377,0.577,0.556,0.173,0.068,0.029,-0.073,3.2977588416679375
2022,136,Lebanon,2.392,2.479,2.305,1.417,0.476,0.398,0.123,0.061,0.027,-0.11,3.222323489653359
2021,145,Lebanon,2.955,3.049,2.862,1.392,0.498,0.631,0.103,0.082,0.034,0.216,3.2672887072796897
2020,124,Lebanon,4.584,4.691,4.477,1.045,0.868,0.595,0.175,0.14,0.026,1.736,4.4924477891611385
2019,111,Lebanon,4.772,4.857,4.686,0.889,1.192,0.789,0.186,0.159,0.022,1.536,4.818857375062867
2024,75,Kyrgyzstan,5.858,5.938,5.778,1.032,1.715,0.647,0.981,0.169,0.053,1.261,5.936589240146513
2023,141,Lesotho,3.186,3.469,2.904,0.771,0.851,0.0,0.523,0.082,0.085,0.875,3.8782914155554855
2021,141,Lesotho,3.512,3.748,3.276,0.839,0.848,0.0,0.419,0.076,0.018,1.312,3.7601977645038343
2020,146,Lesotho,3.512,3.748,3.276,0.451,0.731,0.007,0.405,0.103,0.015,1.8,3.746597741162368
2019,143,Lesotho,3.653,3.814,3.492,0.455,1.089,0.101,0.409,0.103,0.05,1.446,3.701337261141348
2024,76,Dominican Republic,5.846,5.988,5.705,1.457,1.5,0.615,0.866,0.063,0.186,1.16,6.301665994445854
2023,121,Liberia,4.269,4.474,4.063,0.619,0.673,0.301,0.546,0.178,0.075,1.878,4.448846443922678
2022,125,Liberia,4.042,4.325,3.76,0.628,0.644,0.141,0.471,0.219,0.071,1.869,4.323839826004143
2021,97,Liberia,5.122,5.428,4.815,0.636,0.67,0.309,0.405,0.178,0.08,2.844,4.686153680804179
2020,121,Liberia,4.625,4.833,4.417,0.228,0.58,0.253,0.43,0.221,0.057,2.857,4.5345848656823735
2019,124,Liberia,4.558,4.719,4.397,0.174,0.921,0.392,0.406,0.227,0.051,2.387,4.469559094749676
2024,77,Mongolia,5.833,5.919,5.747,1.336,1.731,0.423,0.629,0.18,0.053,1.481,5.854450356685021
2023,66,Libya,5.866,5.987,5.746,1.526,1.1,0.55,0.592,0.111,0.204,1.785,6.125291926272983
2021,86,Libya,5.33,5.543,5.118,1.476,0.943,0.606,0.477,0.106,0.179,1.544,5.685512434717305
2020,81,Libya,5.41,5.558,5.262,1.044,0.821,0.435,0.474,0.131,0.174,2.331,4.709426542067676
2019,80,Libya,5.489,5.608,5.37,1.022,1.196,0.616,0.451,0.143,0.172,1.889,5.373310862955125
2024,78,Mauritius,5.832,5.948,5.715,1.499,1.521,0.617,0.761,0.095,0.13,1.209,6.20316510063089
2023,19,Lithuania,6.818,6.896,6.739,1.766,1.454,0.598,0.533,0.044,0.116,2.307,6.28622939305808
2022,20,Lithuania,6.763,6.849,6.677,1.808,1.511,0.432,0.487,0.059,0.089,2.377,6.4071168662466045
2021,34,Lithuania,6.446,6.535,6.356,1.804,1.204,0.659,0.496,0.053,0.077,2.153,6.207403421464741
2020,39,Lithuania,6.255,6.344,6.167,1.35,1.065,0.612,0.476,0.056,0.073,2.624,5.6962527228503195
2019,41,Lithuania,6.215,6.302,6.129,1.194,1.433,0.795,0.42,0.054,0.081,2.238,6.063234741140676
2024,79,Libya,5.82,5.913,5.727,1.247,1.309,0.549,0.724,0.111,0.214,1.666,6.195937605823699
2023,8,Luxembourg,7.122,7.213,7.031,2.141,1.355,0.708,0.801,0.146,0.432,1.54,7.223440320844882
2022,9,Luxembourg,7.228,7.363,7.093,2.2,1.357,0.549,0.71,0.149,0.418,1.845,7.078807800437071
2021,6,Luxembourg,7.404,7.501,7.307,2.209,1.155,0.79,0.7,0.12,0.388,2.042,7.054238378842003
2020,9,Luxembourg,7.324,7.396,7.252,1.751,1.003,0.76,0.639,0.166,0.353,2.653,7.011358294570836
2019,10,Luxembourg,7.238,7.298,7.177,1.537,1.388,0.986,0.61,0.196,0.367,2.154,6.824576912628874
2019,90,Macedonia,5.16,5.251,5.068,0.935,1.183,0.803,0.41,0.186,0.025,1.618,5.428553061184364
2024,80,Republic of Moldova,5.819,5.933,5.706,1.332,1.43,0.414,0.83,0.054,0.037,1.722,5.742947732897058
2023,123,Madagascar,4.228,4.359,4.097,0.628,0.823,0.333,0.25,0.172,0.123,1.897,4.2016926303351045
2022,127,Madagascar,4.019,4.199,3.839,0.632,0.779,0.178,0.187,0.177,0.134,1.932,4.219933969208437
2021,128,Madagascar,4.339,4.53,4.148,0.67,0.645,0.378,0.202,0.143,0.154,2.148,4.160772269280641
2020,136,Madagascar,4.208,4.349,4.068,0.266,0.503,0.341,0.207,0.185,0.087,2.62,4.234166425536989
2019,137,Madagascar,4.166,4.278,4.053,0.245,0.824,0.501,0.193,0.191,0.076,2.136,4.30024645426141
2024,81,Greece,5.776,5.875,5.677,1.608,1.438,0.725,0.396,0.003,0.063,1.543,5.88627235107744
2023,136,Malawi,3.421,3.561,3.281,0.617,0.41,0.349,0.571,0.135,0.136,1.203,4.3002646226887045
2022,131,Malawi,3.495,3.671,3.32,0.637,0.479,0.189,0.49,0.139,0.129,1.432,4.13785570196873
2021,138,Malawi,3.75,3.941,3.56,0.648,0.279,0.388,0.477,0.14,0.157,1.661,4.035083723933867
2020,145,Malawi,3.6,3.781,3.419,0.113,0.168,0.298,0.484,0.213,0.134,2.19,4.0909726467718786
2019,145,Malawi,3.538,3.676,3.4,0.177,0.53,0.446,0.487,0.213,0.132,1.553,4.309284133762648
2024,82,Venezuela,5.683,5.796,5.57,0.0,1.493,0.515,0.702,0.154,0.117,2.701,5.633513169600961
2023,59,Malaysia,5.975,6.078,5.872,1.646,1.143,0.54,0.829,0.226,0.119,1.473,6.0154160528383445
2022,55,Malaysia,6.012,6.167,5.858,1.665,1.155,0.385,0.659,0.222,0.122,1.804,5.4602330296336214
2021,70,Malaysia,5.711,5.845,5.578,1.689,0.938,0.62,0.654,0.213,0.126,1.471,5.922293938216558
2020,82,Malaysia,5.384,5.48,5.289,1.259,0.797,0.587,0.624,0.27,0.064,1.784,5.6765284050349445
2019,82,Malaysia,5.384,5.48,5.289,1.168,1.174,0.789,0.597,0.275,0.062,1.319,6.204704617413404
2020,90,Maldives,5.198,5.339,5.057,1.115,1.015,0.697,0.575,0.204,0.073,1.52,5.887887763852346
2019,87,Maldives,5.198,5.339,5.057,0.938,1.402,0.914,0.548,0.224,0.072,1.099,5.856394715228252
2024,83,Indonesia,5.617,5.717,5.516,1.288,1.372,0.454,0.918,0.323,0.044,1.218,5.792255902450634
2023,122,Mali,4.232,4.347,4.117,0.747,0.688,0.267,0.586,0.12,0.09,1.734,4.11275418835539
2022,120,Mali,4.198,4.319,4.076,0.763,0.637,0.106,0.441,0.121,0.059,2.07,4.253729569514768
2021,123,Mali,4.479,4.611,4.347,0.792,0.483,0.311,0.35,0.128,0.042,2.373,3.647897697168657
2020,118,Mali,4.723,4.884,4.563,0.387,0.59,0.11,0.384,0.164,0.072,3.016,4.731254365253057
2019,114,Mali,4.729,4.855,4.603,0.352,0.973,0.235,0.378,0.17,0.062,2.559,4.584163075182077
2024,84,Algeria,5.571,5.674,5.469,1.315,1.363,0.782,0.522,0.057,0.219,1.313,6.081637530319782
2023,40,Malta,6.346,6.43,6.261,1.827,1.444,0.707,0.727,0.25,0.125,1.267,6.951702077657491
2022,37,Malta,6.3,6.388,6.212,1.841,1.468,0.547,0.671,0.2,0.143,1.429,6.655252372750299
2021,33,Malta,6.447,6.535,6.359,1.838,1.169,0.789,0.679,0.174,0.166,1.631,6.658678547135808
2020,24,Malta,6.602,6.688,6.516,1.411,1.055,0.747,0.664,0.275,0.183,2.268,6.599122378047574
2019,22,Malta,6.773,6.857,6.689,1.253,1.443,0.972,0.633,0.341,0.179,1.952,6.901039863177833
2024,85,Bulgaria,5.554,5.647,5.46,1.573,1.725,0.463,0.708,0.055,0.0,1.029,5.880131510050866
2023,111,Mauritania,4.505,4.673,4.337,1.078,0.705,0.4,0.343,0.133,0.198,1.649,4.617980290205156
2022,103,Mauritania,4.724,5.011,4.437,1.099,0.764,0.244,0.32,0.13,0.195,1.973,4.506408287325698
2021,133,Mauritania,4.153,4.356,3.95,1.1,0.865,0.45,0.304,0.088,0.138,1.207,4.363948438060967
2020,135,Mauritania,4.227,4.365,4.09,0.666,0.749,0.273,0.218,0.119,0.133,2.069,4.121165568351174
2019,129,Mauritania,4.375,4.483,4.267,0.54,1.113,0.425,0.186,0.129,0.122,1.86,4.291230847015639
2024,86,North Macedonia,5.503,5.597,5.409,1.458,1.537,0.544,0.637,0.13,0.007,1.19,5.7936441127661436
2023,70,Mauritius,5.816,5.927,5.706,1.57,1.358,0.49,0.641,0.123,0.118,1.517,6.030915128621359
2022,59,Mauritius,5.902,6.013,5.791,1.589,1.382,0.336,0.574,0.121,0.11,1.79,6.005735789797293
2021,52,Mauritius,6.071,6.184,5.958,1.591,1.116,0.568,0.589,0.131,0.107,1.969,6.043112949406027
2020,51,Mauritius,6.049,6.165,5.933,1.178,0.996,0.574,0.59,0.153,0.096,2.462,5.599501268043812
2019,49,Mauritius,6.101,6.213,5.989,1.074,1.396,0.763,0.591,0.187,0.084,2.007,6.148108288367736
2024,87,Armenia,5.494,5.596,5.391,1.391,1.349,0.828,0.786,0.032,0.158,0.95,6.039151017841113
2023,25,Mexico,6.678,6.781,6.575,1.521,1.241,0.544,0.722,0.086,0.127,2.437,6.13503188062585
2022,36,Mexico,6.33,6.441,6.218,1.55,1.169,0.389,0.632,0.086,0.115,2.389,5.720045158104942
2021,46,Mexico,6.128,6.238,6.017,1.552,0.886,0.623,0.621,0.092,0.115,2.239,5.924459254429578
2020,37,Mexico,6.317,6.42,6.213,1.126,0.83,0.634,0.585,0.092,0.089,2.961,5.872123242381618
2019,24,Mexico,6.465,6.559,6.371,1.024,1.226,0.832,0.554,0.083,0.083,2.663,5.876341789840941
2024,88,Hong Kong SAR of China,5.491,5.566,5.417,1.79,1.41,0.948,0.674,0.116,0.386,0.168,6.232845890564601
2023,77,Mongolia,5.696,5.783,5.61,1.353,1.511,0.4,0.501,0.237,0.055,1.64,5.733144921389696
2022,61,Mongolia,5.84,5.93,5.75,1.379,1.494,0.244,0.425,0.239,0.058,2.001,5.508371240651169
2021,68,Mongolia,5.761,5.845,5.676,1.393,1.197,0.467,0.398,0.247,0.059,1.999,5.520186521933932
2020,71,Mongolia,5.677,5.76,5.595,0.966,1.065,0.442,0.397,0.263,0.053,2.492,4.823645846463872
2019,81,Mongolia,5.456,5.535,5.377,0.905,1.459,0.616,0.356,0.264,0.047,1.811,5.282367867812235
2024,89,Albania,5.411,5.539,5.284,1.371,1.122,0.696,0.841,0.103,0.057,1.22,5.914124453016489
2023,76,Montenegro,5.707,5.815,5.599,1.571,1.318,0.587,0.632,0.11,0.132,1.357,6.123335089174442
2022,67,Montenegro,5.722,5.941,5.503,1.537,1.385,0.424,0.563,0.17,0.061,1.581,5.831656364326365
2021,75,Montenegro,5.547,5.681,5.413,1.573,1.023,0.659,0.46,0.135,0.077,1.619,5.805873234347266
2020,73,Montenegro,5.581,5.686,5.475,1.155,0.891,0.637,0.397,0.166,0.081,2.254,5.676266849132305
2019,72,Montenegro,5.546,5.642,5.45,1.01,1.266,0.839,0.303,0.149,0.098,1.881,5.46923756928346
2023,107,Morocco,4.795,4.912,4.677,1.213,0.471,0.495,0.631,0.042,0.082,1.861,4.67203904566822
2022,100,Morocco,4.903,5.023,4.783,1.236,0.535,0.337,0.54,0.013,0.085,2.158,4.371526131576733
2021,100,Morocco,5.06,5.181,4.938,1.208,0.268,0.565,0.492,0.02,0.102,2.405,4.714811648247505
2020,107,Morocco,4.918,5.036,4.8,0.792,0.219,0.558,0.477,0.034,0.088,2.749,4.01544123066051
2019,97,Morocco,5.095,5.204,4.986,0.759,0.645,0.745,0.45,0.04,0.077,2.378,4.943411438026108
2024,91,Georgia,5.4,5.496,5.304,1.444,1.275,0.482,0.844,0.0,0.172,1.182,5.55737765169489
2023,90,Mozambique,5.216,5.406,5.027,0.56,0.883,0.156,0.728,0.158,0.196,2.536,4.950696665327882
2022,97,Mozambique,4.954,5.181,4.727,0.57,0.885,0.0,0.625,0.161,0.192,2.519,4.7768302514248475
2021,101,Mozambique,5.048,5.273,4.823,0.578,0.66,0.191,0.593,0.185,0.2,2.641,4.594533528438247
2020,116,Mozambique,4.794,4.997,4.592,0.183,0.634,0.196,0.608,0.228,0.163,2.783,4.585541745222611
2019,120,Mozambique,4.624,4.779,4.468,0.179,0.955,0.324,0.561,0.22,0.163,2.221,4.585450266882845
2024,92,Nepal,5.311,5.437,5.184,0.944,1.21,0.463,0.764,0.155,0.099,1.676,5.297201215148888
2023,118,Myanmar,4.354,4.501,4.208,0.978,0.988,0.436,0.45,0.401,0.174,0.928,4.63316948864923
2022,117,Myanmar,4.372,4.533,4.212,1.032,1.125,0.269,0.46,0.4,0.194,0.893,4.438779247396811
2021,126,Myanmar,4.394,4.511,4.277,1.038,0.829,0.491,0.513,0.452,0.194,0.877,4.840116409830219
2020,127,Myanmar,4.426,4.527,4.324,0.666,0.713,0.341,0.601,0.52,0.178,1.407,4.490447411584243
2019,133,Myanmar,4.308,4.392,4.224,0.678,1.098,0.495,0.597,0.57,0.188,0.681,4.620925889583029
2024,93,Lao PDR,5.301,5.422,5.179,1.122,1.01,0.493,0.916,0.145,0.164,1.452,5.070802149491491
2023,106,Namibia,4.832,4.958,4.705,1.266,1.212,0.307,0.47,0.069,0.061,1.446,5.4720802886172235
2022,105,Namibia,4.631,4.766,4.496,1.289,1.126,0.145,0.383,0.069,0.071,1.549,4.494899006778306
2021,124,Namibia,4.459,4.593,4.326,1.292,0.877,0.354,0.384,0.067,0.071,1.414,4.701249196414065
2020,125,Namibia,4.574,4.7,4.448,0.882,0.801,0.262,0.411,0.091,0.059,2.068,4.247129537512072
2019,122,Namibia,4.571,4.691,4.452,0.84,1.246,0.407,0.445,0.076,0.054,1.503,4.659194601140279
2024,94,Türkiye,5.262,5.347,5.178,1.582,1.444,0.626,0.244,0.04,0.104,1.223,5.3955157020585425
2023,93,Nepal,5.158,5.29,5.027,0.965,0.99,0.443,0.653,0.209,0.115,1.783,4.823087867368038
2022,78,Nepal,5.36,5.507,5.214,0.979,1.027,0.281,0.567,0.215,0.104,2.187,4.504765550402339
2021,84,Nepal,5.377,5.502,5.251,0.984,0.784,0.499,0.519,0.237,0.13,2.224,5.008692051372205
2020,88,Nepal,5.269,5.406,5.132,0.519,0.702,0.496,0.488,0.287,0.135,2.642,4.772253297042129
2019,92,Nepal,5.137,5.25,5.024,0.444,1.101,0.669,0.481,0.301,0.128,2.014,5.211168939515186
2024,95,South Africa,5.213,5.339,5.086,1.283,1.465,0.142,0.676,0.064,0.043,1.54,5.1166941013982035
2023,6,Netherlands,7.319,7.383,7.256,1.901,1.462,0.706,0.725,0.247,0.372,1.906,7.270654084047582
2022,5,Netherlands,7.403,7.46,7.346,1.942,1.488,0.545,0.672,0.251,0.394,2.11,7.238614505041343
2021,5,Netherlands,7.415,7.471,7.359,1.945,1.206,0.787,0.651,0.271,0.419,2.137,7.325419837330571
2020,6,Netherlands,7.464,7.518,7.41,1.501,1.079,0.753,0.647,0.302,0.384,2.798,7.117582375779475
2019,6,Netherlands,7.449,7.503,7.394,1.339,1.464,0.976,0.614,0.336,0.369,2.352,7.2213407490940735
2024,96,Mozambique,5.19,5.376,5.004,0.559,1.131,0.124,0.813,0.127,0.173,2.262,4.824288209134019
2023,11,New Zealand,7.029,7.105,6.954,1.81,1.527,0.673,0.746,0.226,0.48,1.567,7.174290736354052
2022,10,New Zealand,7.123,7.198,7.048,1.842,1.544,0.513,0.672,0.23,0.471,1.852,7.200546256801379
2021,10,New Zealand,7.2,7.279,7.12,1.852,1.235,0.752,0.68,0.245,0.483,1.954,7.287442274873816
2020,10,New Zealand,7.277,7.355,7.198,1.4,1.094,0.785,0.665,0.276,0.445,2.612,7.188143186777019
2019,8,New Zealand,7.3,7.377,7.222,1.242,1.487,1.008,0.647,0.326,0.461,2.128,7.456016407419296
2024,97,Gabon,5.12,5.256,4.985,1.386,1.224,0.387,0.651,0.042,0.086,1.343,5.566798495299554
2023,43,Nicaragua,6.284,6.433,6.135,1.097,1.263,0.542,0.793,0.133,0.251,2.203,5.960991007549366
2022,40,Nicaragua,6.259,6.408,6.109,1.109,1.292,0.385,0.66,0.148,0.218,2.448,5.344382406148751
2021,45,Nicaragua,6.165,6.312,6.017,1.105,1.029,0.617,0.617,0.168,0.212,2.418,5.985670669777897
2020,56,Nicaragua,5.972,6.134,5.81,0.693,0.904,0.604,0.553,0.201,0.176,2.841,5.586800725762783
2019,46,Nicaragua,6.137,6.262,6.012,0.62,1.271,0.803,0.56,0.213,0.174,2.496,5.759810605835671
2024,98,Côte d’Ivoire,5.102,5.238,4.967,1.038,0.76,0.206,0.661,0.1,0.162,2.176,4.836515590183157
2023,109,Niger,4.556,4.712,4.401,0.573,0.677,0.293,0.615,0.145,0.147,2.107,4.4057919654981825
2022,109,Niger,4.501,4.712,4.291,0.561,0.628,0.137,0.54,0.154,0.14,2.341,4.4981978295883875
2021,104,Niger,5.003,5.247,4.76,0.57,0.56,0.326,0.571,0.165,0.145,2.667,4.528957576315583
2020,97,Niger,5.074,5.273,4.875,0.162,0.402,0.167,0.516,0.2,0.157,3.47,4.728863579859545
2019,103,Niger,4.91,5.061,4.758,0.108,0.704,0.299,0.435,0.208,0.138,3.018,4.672735255336039
2024,99,Iran,5.093,5.193,4.994,1.33,1.367,0.609,0.456,0.202,0.122,1.007,5.831815219675316
2023,102,Nigeria,4.881,5.018,4.744,1.042,1.075,0.256,0.566,0.201,0.019,1.722,4.45264482252245
2022,95,Nigeria,4.981,5.136,4.825,1.065,1.007,0.092,0.448,0.176,0.013,2.181,4.3558604622242
2021,118,Nigeria,4.552,4.651,4.453,1.079,0.732,0.3,0.444,0.175,0.038,1.784,4.631072303594742
2020,117,Nigeria,4.759,4.861,4.658,0.663,0.625,0.051,0.433,0.212,0.039,2.736,4.5198728889571695
2019,115,Nigeria,4.724,4.826,4.622,0.646,0.987,0.168,0.435,0.221,0.048,2.22,4.619059703927953
2021,79,North Cyprus,5.467,5.609,5.325,1.815,0.888,0.819,0.523,0.13,0.213,1.078,5.8115373502299015
2020,75,North Cyprus,5.536,5.636,5.435,1.377,0.806,0.801,0.503,0.196,0.2,1.653,5.9207933571020845
2019,76,North Cyprus,5.536,5.636,5.435,1.213,1.183,1.026,0.478,0.199,0.2,1.237,6.1137525067875
2024,100,Congo,5.03,5.205,4.855,1.023,0.796,0.336,0.626,0.082,0.126,2.04,4.719005365931451
2023,84,North Macedonia,5.369,5.468,5.27,1.475,1.277,0.569,0.58,0.194,0.015,1.26,5.874541031858125
2022,87,North Macedonia,5.254,5.361,5.146,1.498,1.171,0.408,0.515,0.207,0.02,1.435,5.405403040660831
2021,89,North Macedonia,5.199,5.303,5.095,1.505,0.863,0.637,0.488,0.215,0.031,1.461,5.378078906427309
2020,95,North Macedonia,5.101,5.202,5.001,1.068,0.772,0.535,0.45,0.212,0.022,2.042,5.143244900843701
2024,101,Iraq,4.976,5.085,4.866,1.261,1.275,0.589,0.503,0.1,0.069,1.178,5.805221318759659
2023,7,Norway,7.302,7.389,7.215,1.952,1.517,0.704,0.835,0.224,0.484,1.586,7.296254463070129
2022,7,Norway,7.315,7.402,7.229,1.994,1.521,0.544,0.752,0.212,0.463,1.829,7.2194224513423
2021,8,Norway,7.365,7.44,7.29,1.997,1.239,0.786,0.728,0.217,0.474,1.925,7.293361175655127
2020,7,Norway,7.392,7.462,7.323,1.543,1.108,0.782,0.703,0.249,0.427,2.58,7.181865891317024
2019,5,Norway,7.488,7.556,7.42,1.424,1.495,1.008,0.67,0.288,0.434,2.168,7.484795169046569
2024,102,Guinea,4.929,5.07,4.787,0.873,0.791,0.306,0.676,0.157,0.098,2.027,4.70333254598004
2024,103,Namibia,4.911,5.025,4.797,1.182,1.482,0.104,0.564,0.052,0.056,1.47,4.937792732404926
2023,108,Pakistan,4.657,4.779,4.535,1.069,0.6,0.321,0.542,0.144,0.074,1.907,4.621461238725749
2022,108,Pakistan,4.555,4.707,4.404,1.081,0.657,0.158,0.511,0.141,0.102,1.907,4.6698567173348104
2021,121,Pakistan,4.516,4.634,4.397,1.049,0.413,0.374,0.448,0.181,0.112,1.94,4.696005932493048
2020,106,Pakistan,4.934,5.066,4.802,0.637,0.423,0.322,0.418,0.252,0.097,2.784,4.635886525652413
2019,66,Pakistan,5.693,5.788,5.599,0.617,0.873,0.47,0.405,0.229,0.123,2.977,4.913898226442019
2024,104,Cameroon,4.887,5.007,4.767,0.944,0.986,0.302,0.662,0.099,0.06,1.834,4.6808168856914545
2023,39,Panama,6.358,6.489,6.227,1.702,1.392,0.633,0.72,0.063,0.043,1.806,6.063159372822532
2022,38,Panama,6.265,6.424,6.105,1.714,1.402,0.475,0.63,0.065,0.036,1.943,6.152021931755966
2021,37,Panama,6.309,6.464,6.154,1.715,1.107,0.709,0.592,0.049,0.051,2.086,6.191462919269727
2020,42,Panama,6.18,6.323,6.036,1.298,0.976,0.667,0.596,0.079,0.053,2.509,5.623994051575657
2019,36,Panama,6.305,6.422,6.188,1.098,1.376,0.879,0.58,0.097,0.054,2.221,6.074221638592135
2024,105,Nigeria,4.885,5.022,4.748,0.989,1.245,0.38,0.639,0.17,0.028,1.433,4.834730115269166
2023,57,Paraguay,5.977,6.085,5.868,1.398,1.408,0.549,0.788,0.131,0.065,1.637,6.0567813462270115
2022,66,Paraguay,5.738,5.851,5.625,1.428,1.427,0.392,0.678,0.148,0.062,1.604,5.81148403097659
2021,73,Paraguay,5.578,5.689,5.467,1.409,1.13,0.624,0.629,0.171,0.059,1.555,5.8806093628846625
2020,72,Paraguay,5.653,5.832,5.473,0.983,0.97,0.549,0.602,0.206,0.037,2.306,5.478909905057923
2019,67,Paraguay,5.692,5.794,5.59,0.898,1.368,0.736,0.587,0.204,0.065,1.834,5.7471511256728585
2024,106,Azerbaijan,4.875,4.969,4.78,1.428,1.03,0.707,0.785,0.076,0.179,0.67,6.184309211629919
2023,68,Peru,5.841,5.946,5.736,1.371,1.18,0.662,0.615,0.078,0.029,1.907,5.691551486155504
2022,75,Peru,5.526,5.64,5.412,1.39,1.153,0.499,0.549,0.073,0.027,1.835,5.1075059891153565
2021,74,Peru,5.559,5.679,5.439,1.397,0.865,0.735,0.545,0.09,0.037,1.89,5.87355484960712
2020,64,Peru,5.84,5.988,5.692,0.986,0.833,0.623,0.536,0.087,0.031,2.744,5.577107221853679
2019,63,Peru,5.797,5.917,5.677,0.919,1.208,0.824,0.513,0.092,0.027,2.213,5.587913449781217
2024,107,Senegal,4.856,4.979,4.732,0.907,0.977,0.433,0.767,0.129,0.09,1.553,4.632809312145533
2023,53,Philippines,6.048,6.166,5.929,1.232,1.146,0.441,0.826,0.099,0.136,2.167,5.2741117279372425
2022,76,Philippines,5.523,5.675,5.371,1.238,1.108,0.286,0.714,0.104,0.141,1.931,5.354200291905384
2021,60,Philippines,5.904,6.007,5.8,1.268,0.912,0.514,0.678,0.107,0.142,2.283,5.5859120720007125
2020,62,Philippines,5.88,5.982,5.778,0.853,0.828,0.426,0.651,0.125,0.126,2.872,4.738209897284208
2019,52,Philippines,6.006,6.104,5.908,0.775,1.245,0.602,0.622,0.129,0.13,2.502,5.721922457206054
2023,35,Poland,6.442,6.513,6.37,1.738,1.417,0.639,0.6,0.081,0.175,1.791,6.3868481305017974
2022,39,Poland,6.26,6.343,6.177,1.767,1.474,0.477,0.511,0.12,0.139,1.772,6.2680323601413495
2021,48,Poland,6.123,6.205,6.04,1.758,1.174,0.712,0.523,0.124,0.14,1.693,6.085183772387693
2020,45,Poland,6.166,6.245,6.087,1.309,0.982,0.668,0.558,0.08,0.13,2.438,5.588568678997851
2019,43,Poland,6.186,6.256,6.117,1.169,1.31,0.868,0.558,0.063,0.161,2.057,6.07701775525521
2024,109,Pakistan,4.768,4.892,4.644,0.982,0.759,0.417,0.529,0.136,0.046,1.898,4.70623411407808
2023,55,Portugal,6.03,6.134,5.925,1.728,1.368,0.699,0.757,0.047,0.035,1.397,6.248048811185676
2022,56,Portugal,5.968,6.076,5.86,1.758,1.356,0.537,0.693,0.031,0.037,1.556,5.947189883837149
2021,56,Portugal,6.016,6.122,5.911,1.76,1.078,0.777,0.655,0.016,0.039,1.691,6.087004755430505
2020,59,Portugal,5.929,6.037,5.821,1.323,0.939,0.76,0.621,0.029,0.033,2.225,5.781942307273564
2019,59,Portugal,5.911,6.015,5.807,1.169,1.34,0.979,0.59,0.053,0.028,1.753,6.220217984696621
2024,110,Niger,4.725,4.863,4.588,0.606,0.796,0.258,0.759,0.122,0.137,2.048,4.328297941417267
2023,52,Republic of Korea,6.058,6.148,5.968,1.815,1.178,0.77,0.555,0.126,0.158,1.456,6.372584566858244
2022,57,Republic of Korea,5.951,6.04,5.862,1.853,1.188,0.603,0.446,0.112,0.163,1.587,6.110694430415045
2021,59,Republic of Korea,5.935,6.021,5.849,1.851,0.886,0.841,0.414,0.111,0.176,1.656,6.038463017287327
2020,63,Republic of Korea,5.845,5.928,5.763,1.403,0.758,0.801,0.353,0.134,0.135,2.262,5.790972977347612
2019,61,Republic of Korea,5.872,5.959,5.786,1.245,1.134,1.023,0.259,0.17,0.095,1.947,5.68119460502936
2024,111,Ukraine,4.68,4.794,4.565,1.328,1.472,0.472,0.689,0.245,0.023,0.451,5.4910465481106465
2023,71,Republic of Moldova,5.816,5.93,5.702,1.385,1.277,0.542,0.695,0.077,0.044,1.795,5.949027694224037
2022,63,Republic of Moldova,5.819,5.922,5.717,1.425,1.302,0.375,0.61,0.093,0.02,1.995,5.686903573901905
2021,62,Republic of Moldova,5.857,5.948,5.766,1.417,1.008,0.597,0.561,0.102,0.028,2.142,5.551514818160328
2020,66,Republic of Moldova,5.766,5.856,5.677,0.985,0.888,0.542,0.536,0.137,0.013,2.665,5.380945128743602
2019,70,Republic of Moldova,5.608,5.69,5.525,0.708,1.237,0.713,0.39,0.174,0.014,2.371,5.409081517602707
2024,112,Morocco,4.622,4.736,4.509,1.139,0.635,0.585,0.748,0.031,0.095,1.388,4.4892662821403935
2023,32,Romania,6.491,6.592,6.39,1.699,1.236,0.583,0.717,0.041,0.006,2.21,6.315619513567452
2022,24,Romania,6.589,6.69,6.488,1.726,1.28,0.423,0.631,0.044,0.0,2.485,6.337489765529272
2021,28,Romania,6.477,6.575,6.379,1.719,1.006,0.655,0.605,0.039,0.006,2.446,6.182054954899201
2020,47,Romania,6.14,6.253,6.027,1.275,0.832,0.595,0.564,0.045,0.001,2.83,5.6988836005046695
2019,47,Romania,6.124,6.217,6.031,1.12,1.194,0.792,0.535,0.068,0.001,2.413,5.929662477248428
2024,113,Tunisia,4.552,4.633,4.47,1.257,1.224,0.459,0.382,0.032,0.05,1.149,5.078270614430976
2023,72,Russian Federation,5.785,5.859,5.712,1.642,1.351,0.531,0.551,0.138,0.121,1.451,6.05650515427457
2022,70,Russian Federation,5.661,5.734,5.588,1.68,1.383,0.366,0.449,0.12,0.091,1.572,5.9349512158391535
2021,80,Russian Federation,5.459,5.525,5.392,1.685,1.095,0.586,0.401,0.117,0.08,1.494,5.812993503605645
2020,77,Russian Federation,5.477,5.541,5.413,1.241,0.992,0.511,0.409,0.115,0.06,2.148,5.380519102028055
2019,73,Russian Federation,5.546,5.624,5.468,1.127,1.379,0.68,0.399,0.099,0.046,1.816,5.645153897951433
2021,143,Rwanda,3.268,3.462,3.074,0.785,0.133,0.462,0.621,0.187,0.544,0.536,4.679308335881895
2020,148,Rwanda,3.415,3.548,3.282,0.364,0.202,0.407,0.627,0.227,0.493,1.095,3.8251556114878786
2019,150,Rwanda,3.312,3.415,3.21,0.343,0.523,0.572,0.604,0.236,0.486,0.548,5.182902965360152
2024,114,Mauritania,4.542,4.676,4.408,1.023,0.919,0.516,0.454,0.113,0.195,1.323,5.008861139593189
2023,28,Saudi Arabia,6.594,6.707,6.48,1.842,1.361,0.511,0.787,0.114,0.188,1.79,6.549532248659781
2022,30,Saudi Arabia,6.463,6.581,6.344,1.861,1.37,0.351,0.682,0.093,0.17,1.936,6.554516532567075
2021,25,Saudi Arabia,6.523,6.637,6.409,1.87,1.092,0.577,0.651,0.078,0.18,2.075,6.515796370174672
2020,27,Saudi Arabia,6.494,6.604,6.384,1.435,0.964,0.571,0.603,0.09,0.163,2.668,5.68897646034072
2019,27,Saudi Arabia,6.406,6.517,6.296,1.334,1.31,0.76,0.548,0.087,0.163,2.203,6.279614302727332
2024,115,Kenya,4.51,4.636,4.384,0.994,1.047,0.448,0.649,0.22,0.073,1.079,4.834477275308291
2023,99,Senegal,4.969,5.096,4.841,0.927,0.751,0.392,0.607,0.152,0.069,2.071,4.680586806974585
2022,102,Senegal,4.855,4.983,4.727,0.943,0.727,0.231,0.519,0.142,0.06,2.234,4.388164558775066
2021,103,Senegal,5.046,5.171,4.921,0.933,0.53,0.447,0.494,0.143,0.081,2.419,4.578017475246104
2020,93,Senegal,5.132,5.266,4.998,0.518,0.558,0.357,0.381,0.158,0.088,3.071,4.811082057301033
2019,101,Senegal,4.981,5.084,4.877,0.504,0.955,0.518,0.352,0.164,0.082,2.405,4.974858529902539
2024,116,Uganda,4.461,4.587,4.336,0.762,1.342,0.396,0.751,0.148,0.05,1.012,4.826363056365445
2023,37,Serbia,6.411,6.522,6.3,1.538,1.391,0.585,0.663,0.2,0.101,1.932,6.1952283457819
2022,45,Serbia,6.144,6.299,5.988,1.552,1.343,0.424,0.617,0.246,0.081,1.881,5.9286643026120585
2021,43,Serbia,6.178,6.294,6.062,1.55,1.086,0.658,0.546,0.219,0.088,2.031,6.06449799894183
2020,49,Serbia,6.078,6.181,5.974,1.101,0.924,0.634,0.482,0.189,0.066,2.682,5.608151429977453
2019,64,Serbia,5.778,5.878,5.679,0.988,1.327,0.828,0.395,0.15,0.059,2.029,5.661857909417617
2024,117,Gambia,4.423,4.53,4.315,0.778,0.958,0.348,0.611,0.255,0.045,1.428,4.4803081934380025
2023,140,Sierra Leone,3.245,3.366,3.124,0.654,0.566,0.253,0.469,0.181,0.053,1.068,4.077276712885735
2022,135,Sierra Leone,3.138,3.299,2.976,0.67,0.54,0.092,0.371,0.193,0.051,1.221,3.760620879804209
2021,140,Sierra Leone,3.574,3.732,3.416,0.686,0.416,0.273,0.387,0.202,0.055,1.556,4.3085711699727725
2020,139,Sierra Leone,3.849,4.001,3.698,0.279,0.377,0.1,0.408,0.243,0.047,2.396,4.114820624015773
2019,139,Sierra Leone,3.926,4.046,3.807,0.241,0.748,0.204,0.382,0.258,0.048,2.046,4.4251119879332
2024,118,India,4.389,4.457,4.32,1.149,0.86,0.316,0.914,0.141,0.12,0.889,4.6641301829113795
2023,30,Singapore,6.523,6.605,6.44,2.118,1.361,0.769,0.743,0.168,0.575,0.788,6.747973909995317
2022,25,Singapore,6.587,6.72,6.454,2.168,1.354,0.607,0.66,0.17,0.561,1.067,6.71263812222815
2021,27,Singapore,6.48,6.569,6.392,2.149,1.127,0.851,0.672,0.163,0.587,0.932,6.6456796421593305
2020,33,Singapore,6.377,6.46,6.293,1.695,1.019,0.897,0.664,0.176,0.547,1.379,6.568372624531756
2019,31,Singapore,6.377,6.442,6.312,1.52,1.395,1.138,0.635,0.219,0.533,0.937,6.649763191678574
2024,119,Chad,4.384,4.515,4.253,0.592,0.902,0.242,0.477,0.175,0.111,1.884,4.3749128489322215
2023,45,Slovakia,6.257,6.332,6.182,1.706,1.54,0.638,0.566,0.096,0.058,1.653,6.1850837173615485
2022,29,Slovakia,6.469,6.578,6.36,1.731,1.544,0.472,0.494,0.128,0.022,2.078,6.005922590817966
2021,35,Slovakia,6.391,6.475,6.306,1.736,1.232,0.707,0.479,0.118,0.025,2.094,5.990333776220643
2020,35,Slovakia,6.331,6.411,6.251,1.304,1.066,0.653,0.468,0.107,0.018,2.714,5.785129143266344
2019,37,Slovakia,6.281,6.357,6.204,1.195,1.424,0.853,0.424,0.117,0.011,2.256,6.028432640685375
2024,120,Burkina Faso,4.383,4.506,4.26,0.724,0.828,0.296,0.671,0.142,0.218,1.504,4.479461371041182
2023,21,Slovenia,6.743,6.843,6.643,1.786,1.502,0.695,0.789,0.157,0.131,1.683,6.4579524216372315
2022,22,Slovenia,6.65,6.75,6.55,1.815,1.539,0.532,0.707,0.144,0.113,1.799,6.631000826463543
2021,22,Slovenia,6.63,6.718,6.542,1.81,1.249,0.769,0.685,0.118,0.115,1.885,6.621251124053779
2020,30,Slovenia,6.461,6.546,6.376,1.36,1.093,0.722,0.69,0.122,0.085,2.388,6.340442510014212
2019,33,Slovenia,6.363,6.449,6.277,1.209,1.465,0.933,0.647,0.146,0.077,1.889,6.344562570247245
2024,121,Benin,4.357,4.492,4.222,0.855,0.228,0.357,0.679,0.092,0.238,1.909,4.109547737462216
2024,122,Somalia,4.347,4.49,4.203,0.535,0.877,0.046,0.916,0.206,0.192,1.575,4.81769195901645
2023,83,South Africa,5.422,5.549,5.295,1.389,1.369,0.322,0.537,0.078,0.034,1.693,5.4241670415294845
2022,85,South Africa,5.275,5.417,5.132,1.417,1.428,0.149,0.464,0.09,0.019,1.708,5.228723099756219
2021,91,South Africa,5.194,5.315,5.073,1.425,1.088,0.361,0.442,0.089,0.046,1.742,5.18850726950591
2020,104,South Africa,4.956,5.074,4.839,0.967,0.895,0.265,0.447,0.144,0.051,2.187,4.531546797045913
2019,109,South Africa,4.814,4.932,4.696,0.902,1.259,0.407,0.435,0.126,0.06,1.625,4.8076353107019765
2019,152,South Sudan,2.817,3.028,2.606,0.289,0.553,0.209,0.066,0.21,0.111,1.379,3.7764280424280416
2024,123,Mali,4.345,4.457,4.232,0.709,0.908,0.318,0.767,0.093,0.114,1.436,4.250565000736304
2023,36,Spain,6.421,6.502,6.339,1.766,1.471,0.729,0.619,0.119,0.177,1.54,6.511549372392339
2022,32,Spain,6.436,6.519,6.354,1.798,1.491,0.567,0.533,0.101,0.157,1.789,6.241603846931082
2021,29,Spain,6.476,6.56,6.392,1.808,1.211,0.808,0.505,0.101,0.149,1.893,6.320867034800871
2020,28,Spain,6.491,6.574,6.408,1.375,1.057,0.826,0.462,0.135,0.124,2.513,6.11570656618024
2019,28,Spain,6.401,6.484,6.318,1.231,1.421,1.051,0.426,0.165,0.11,1.997,6.452150863879307
2024,124,Cambodia,4.341,4.446,4.237,1.049,1.215,0.481,0.988,0.138,0.078,0.393,5.02573604213671
2023,128,Sri Lanka,3.898,4.018,3.778,1.361,1.179,0.586,0.583,0.144,0.031,0.014,5.545740345134804
2022,112,Sri Lanka,4.442,4.603,4.28,1.422,1.224,0.426,0.539,0.12,0.086,0.625,5.5948540584334046
2021,127,Sri Lanka,4.362,4.487,4.237,1.415,0.934,0.66,0.529,0.15,0.079,0.595,5.5064777517405235
2020,130,Sri Lanka,4.325,4.454,4.196,0.99,0.82,0.593,0.559,0.239,0.049,1.075,5.389322696315297
2019,130,Sri Lanka,4.327,4.431,4.223,0.898,1.195,0.792,0.529,0.253,0.049,0.611,5.523599850859564
2024,125,Ghana,4.34,4.444,4.235,1.053,1.01,0.438,0.771,0.139,0.025,0.904,4.532978242359454
2021,122,State of Palestine,4.483,4.665,4.3,1.148,0.957,0.521,0.336,0.073,0.079,1.368,4.819350215250289
2020,126,State of Palestine,4.517,4.649,4.384,0.646,0.819,0.434,0.33,0.082,0.075,2.131,4.141442256480474
2019,125,State of Palestine,4.553,4.662,4.443,0.588,1.195,0.614,0.299,0.092,0.072,1.694,4.699154304741476
2020,131,Swaziland,4.308,4.448,4.168,0.849,0.693,0.074,0.323,0.067,0.147,2.155,4.08935765824772
2019,132,Swaziland,4.308,4.448,4.168,0.828,1.065,0.216,0.3,0.067,0.147,1.686,4.034903127964302
2024,126,Myanmar,4.321,4.471,4.172,0.975,1.144,0.446,0.569,0.322,0.163,0.702,4.766200831728926
2023,4,Sweden,7.344,7.422,7.267,1.878,1.501,0.724,0.838,0.221,0.524,1.658,7.2680202411875365
2022,6,Sweden,7.395,7.468,7.322,1.921,1.51,0.562,0.754,0.225,0.52,1.903,7.2194224513423
2021,7,Sweden,7.384,7.454,7.315,1.92,1.204,0.803,0.724,0.218,0.512,2.003,7.293361175655127
2020,8,Sweden,7.363,7.433,7.293,1.478,1.062,0.763,0.685,0.244,0.448,2.683,7.217438399023817
2019,7,Sweden,7.353,7.425,7.282,1.322,1.433,0.986,0.65,0.273,0.442,2.246,7.422999587730183
2024,127,Togo,4.315,4.43,4.2,0.757,0.736,0.378,0.576,0.097,0.153,1.618,4.137972739290659
2023,9,Switzerland,7.06,7.147,6.973,1.97,1.425,0.747,0.759,0.173,0.498,1.488,7.2862275918614126
2022,8,Switzerland,7.24,7.324,7.156,2.022,1.463,0.582,0.678,0.151,0.475,1.87,7.183122559962263
2021,4,Switzerland,7.512,7.586,7.437,2.026,1.226,0.822,0.677,0.147,0.461,2.153,7.268299623381441
2020,4,Switzerland,7.571,7.643,7.5,1.566,1.079,0.816,0.653,0.204,0.413,2.839,7.162210922087301
2019,3,Switzerland,7.56,7.629,7.491,1.391,1.472,1.041,0.629,0.269,0.408,2.35,7.315662076633701
2024,128,Jordan,4.31,4.426,4.193,1.158,1.202,0.573,0.7,0.051,0.164,0.461,5.4963023949179535
2023,31,Taiwan Province of China,6.503,6.597,6.41,1.842,1.346,0.65,0.649,0.068,0.202,1.747,6.575579935162157
2022,27,Taiwan Province of China,6.535,6.627,6.444,1.89,1.372,0.492,0.562,0.067,0.178,1.974,6.5602734222092
2021,26,Taiwan Province of China,6.512,6.596,6.429,1.897,1.095,0.733,0.542,0.075,0.168,2.002,6.538816421733992
2020,25,Taiwan Province of China,6.584,6.659,6.51,1.48,0.982,0.665,0.49,0.142,0.139,2.687,5.674435522370657
2019,25,Taiwan Province of China,6.455,6.532,6.379,1.327,1.358,0.878,0.449,0.151,0.132,2.16,6.161366283242046
2024,129,Liberia,4.277,4.444,4.111,0.582,0.888,0.324,0.653,0.143,0.068,1.618,4.437372947197055
2022,80,Tajikistan,5.33,5.452,5.207,0.972,1.248,0.291,0.599,0.104,0.292,1.823,5.070835928413907
2021,83,Tajikistan,5.377,5.468,5.287,0.966,1.005,0.518,0.572,0.118,0.304,1.895,5.347306528337492
2020,79,Tajikistan,5.466,5.532,5.4,0.508,0.895,0.498,0.548,0.152,0.247,2.619,5.086822700468204
2019,71,Tajikistan,5.556,5.619,5.492,0.475,1.218,0.681,0.521,0.182,0.222,2.257,5.422127337881785
2024,130,Madagascar,4.157,4.265,4.05,0.588,0.938,0.341,0.292,0.131,0.118,1.751,4.13683503771341
2023,131,Tanzania,3.781,3.917,3.644,0.82,0.706,0.38,0.709,0.191,0.257,0.717,4.139687051142856
2022,129,Tanzania,3.694,3.84,3.547,0.836,0.787,0.214,0.607,0.234,0.269,0.747,4.60694216542927
2021,139,Tanzania,3.702,3.847,3.558,0.848,0.597,0.425,0.578,0.248,0.27,0.735,4.556739708233476
2020,143,Tanzania,3.623,3.762,3.485,0.433,0.54,0.3,0.549,0.307,0.231,1.263,4.415509140584417
2019,148,Tanzania,3.476,3.6,3.352,0.457,0.873,0.443,0.509,0.272,0.204,0.719,4.234713435804801
2024,131,Zambia,3.912,4.056,3.769,0.848,1.013,0.233,0.872,0.131,0.107,0.709,4.3147859188788775
2023,58,Thailand,5.976,6.094,5.858,1.484,1.347,0.62,0.756,0.283,0.024,1.463,5.834388199191639
2022,60,Thailand,5.843,5.969,5.717,1.515,1.344,0.461,0.624,0.291,0.013,1.594,5.909099924301
2021,61,Thailand,5.891,5.994,5.788,1.535,1.096,0.697,0.617,0.321,0.026,1.6,5.888787798510201
2020,55,Thailand,5.985,6.077,5.893,1.107,0.957,0.596,0.611,0.375,0.028,2.309,5.799733893864621
2019,54,Thailand,5.999,6.082,5.915,1.007,1.348,0.794,0.609,0.377,0.032,1.832,6.078397721005134
2024,132,Ethiopia,3.898,4.011,3.786,0.757,1.051,0.416,0.54,0.182,0.1,0.852,4.558848223277965
2023,124,Togo,4.214,4.33,4.098,0.758,0.586,0.32,0.453,0.127,0.156,1.814,4.396351690425973
2022,122,Togo,4.137,4.289,3.986,0.77,0.642,0.161,0.367,0.149,0.136,1.913,4.335441577292971
2021,135,Togo,4.112,4.272,3.953,0.771,0.322,0.36,0.292,0.174,0.132,2.061,4.071664000906032
2020,137,Togo,4.107,4.258,3.956,0.254,0.239,0.203,0.289,0.209,0.107,2.806,3.9820742735037022
2019,135,Togo,4.187,4.31,4.065,0.268,0.548,0.343,0.304,0.201,0.115,2.41,4.413702509611402
2024,133,Sri Lanka,3.891,4.001,3.78,1.271,1.308,0.567,0.696,0.121,0.025,-0.099,5.8859707168535556
2019,42,Trinidad and Tobago,6.192,6.416,5.968,1.168,1.407,0.659,0.553,0.199,0.015,2.191,5.932545814882247
2024,134,Bangladesh,3.851,3.949,3.753,1.116,0.286,0.592,0.92,0.11,0.132,0.695,4.41027248143334
2023,115,Tunisia,4.422,4.505,4.338,1.306,0.955,0.579,0.254,0.024,0.018,1.285,4.676470870626989
2022,110,Tunisia,4.497,4.601,4.393,1.333,0.981,0.422,0.259,0.022,0.016,1.463,4.299565621163421
2021,120,Tunisia,4.516,4.629,4.403,1.35,0.596,0.656,0.316,0.029,0.029,1.54,4.296267242825998
2020,123,Tunisia,4.596,4.709,4.484,0.919,0.515,0.59,0.334,0.057,0.044,2.138,4.429727831453085
2019,128,Tunisia,4.392,4.49,4.295,0.875,0.872,0.781,0.236,0.056,0.044,1.528,4.763840203872191
2024,135,Egypt,3.817,3.909,3.725,1.347,1.075,0.473,0.593,0.018,0.103,0.21,4.977372836304881
2023,98,Türkiye,4.975,5.085,4.866,1.702,1.175,0.631,0.202,0.068,0.115,1.083,5.060268978152597
2022,106,Türkiye,4.614,4.777,4.45,1.714,1.148,0.467,0.125,0.095,0.096,0.969,4.701438992383687
2021,112,Türkiye,4.744,4.845,4.644,1.707,0.865,0.702,0.209,0.087,0.115,1.059,4.904623314824497
2020,105,Türkiye,4.948,5.038,4.857,1.26,0.809,0.59,0.236,0.097,0.104,1.852,4.911144465097712
2019,93,Türkiye,5.132,5.21,5.054,1.127,1.197,0.781,0.254,0.086,0.121,1.565,5.291466281881642
2021,78,Turkmenistan,5.474,5.578,5.371,1.484,1.319,0.516,0.649,0.314,0.032,1.16,5.787097138057711
2020,98,Turkmenistan,5.066,5.136,4.996,1.046,1.172,0.439,0.602,0.366,0.033,1.409,4.969374272095707
2019,95,Turkmenistan,5.119,5.177,5.062,1.009,1.51,0.612,0.515,0.323,0.034,1.115,5.3944112513564955
2024,136,Tanzania,3.8,3.938,3.661,0.847,0.908,0.411,0.858,0.153,0.243,0.38,4.398175273166542
2023,117,Uganda,4.372,4.501,4.243,0.772,1.151,0.373,0.587,0.178,0.054,1.256,4.545957150484307
2022,113,Uganda,4.432,4.607,4.258,0.785,1.144,0.201,0.425,0.197,0.051,1.628,4.34370221784941
2021,117,Uganda,4.603,4.747,4.459,0.777,0.875,0.418,0.402,0.222,0.066,1.842,4.593835523965889
2020,120,Uganda,4.636,4.78,4.493,0.364,0.718,0.24,0.398,0.267,0.054,2.596,4.493904199294703
2019,126,Uganda,4.432,4.566,4.298,0.312,1.052,0.378,0.402,0.265,0.064,1.959,4.542581818544732
2024,137,Eswatini,3.774,3.893,3.654,1.183,1.152,0.038,0.428,0.054,0.13,0.79,4.304266158581982
2023,105,Ukraine,4.873,4.988,4.758,1.35,1.315,0.513,0.631,0.285,0.025,0.753,5.6798788588932485
2022,92,Ukraine,5.071,5.187,4.956,1.358,1.354,0.355,0.551,0.265,0.016,1.172,5.551967430762787
2021,98,Ukraine,5.084,5.19,4.978,1.411,1.081,0.583,0.473,0.188,0.017,1.331,5.612975500193538
2020,111,Ukraine,4.875,4.977,4.773,0.979,0.958,0.517,0.417,0.181,0.01,1.813,5.06248826397907
2019,123,Ukraine,4.561,4.658,4.463,0.78,1.321,0.699,0.319,0.179,0.01,1.253,4.980924176856338
2024,138,Lesotho,3.757,3.957,3.558,0.737,1.131,0.0,0.606,0.065,0.072,1.145,3.512283485502708
2023,22,United Arab Emirates,6.733,6.823,6.643,1.983,1.164,0.563,0.815,0.209,0.258,1.741,6.5062255456794515
2022,26,United Arab Emirates,6.571,6.656,6.486,2.015,1.223,0.401,0.745,0.188,0.247,1.752,6.35359134503001
2021,24,United Arab Emirates,6.576,6.66,6.492,1.998,0.98,0.633,0.702,0.204,0.25,1.809,6.31713672919109
2020,26,United Arab Emirates,6.561,6.637,6.484,1.555,0.86,0.594,0.67,0.236,0.223,2.422,6.022444781840604
2019,21,United Arab Emirates,6.791,6.871,6.711,1.431,1.251,0.788,0.653,0.281,0.22,2.167,6.700260206569447
2024,139,Comoros,3.754,3.919,3.59,0.835,0.501,0.428,0.26,0.117,0.164,1.45,4.0991913081989955
2023,20,United Kingdom,6.749,6.833,6.665,1.822,1.326,0.672,0.713,0.267,0.351,1.598,6.96936865411482
2022,19,United Kingdom,6.796,6.877,6.714,1.857,1.366,0.511,0.626,0.272,0.34,1.822,6.85027205826033
2021,17,United Kingdom,6.943,7.018,6.867,1.867,1.143,0.75,0.597,0.289,0.329,1.967,6.952216769046848
2020,18,United Kingdom,7.064,7.138,6.99,1.423,1.062,0.757,0.58,0.34,0.306,2.596,6.919451549614832
2019,13,United Kingdom,7.165,7.237,7.092,1.273,1.458,0.976,0.525,0.373,0.323,2.237,6.490719407080217
2024,140,Yemen,3.561,3.714,3.408,0.631,1.482,0.375,0.447,0.066,0.106,0.454,4.599115896469449
2023,23,United States,6.725,6.818,6.631,1.939,1.392,0.542,0.586,0.223,0.169,1.873,6.777359216476906
2022,15,United States,6.894,6.986,6.802,1.98,1.46,0.39,0.557,0.21,0.172,2.124,6.7505095455282005
2021,16,United States,6.977,7.065,6.888,1.982,1.182,0.628,0.574,0.22,0.177,2.214,6.562578538559979
2020,20,United States,6.951,7.047,6.856,1.533,1.03,0.621,0.554,0.252,0.154,2.807,5.8754627181499215
2019,18,United States,6.94,7.032,6.847,1.374,1.405,0.832,0.535,0.298,0.152,2.344,6.549047825778178
2024,141,DR Congo,3.469,3.608,3.331,0.544,0.929,0.278,0.6,0.151,0.061,0.906,4.215151319770652
2023,26,Uruguay,6.611,6.696,6.527,1.596,1.431,0.592,0.775,0.106,0.22,1.891,6.476687350784106
2022,28,Uruguay,6.494,6.583,6.404,1.617,1.445,0.435,0.683,0.102,0.254,1.958,6.252096542302786
2021,30,Uruguay,6.474,6.562,6.386,1.615,1.18,0.672,0.665,0.103,0.265,1.974,6.503063728598433
2020,32,Uruguay,6.431,6.521,6.341,1.164,1.042,0.649,0.625,0.128,0.223,2.6,6.183060484260868
2019,26,Uruguay,6.44,6.529,6.351,1.071,1.425,0.857,0.594,0.132,0.193,2.167,6.226110748373623
2024,142,Botswana,3.438,3.576,3.301,1.388,1.146,0.094,0.697,0.018,0.083,0.012,3.7667392743433523
2023,47,Uzbekistan,6.195,6.303,6.087,1.212,1.394,0.539,0.835,0.251,0.215,1.749,6.3367061181980695
2022,54,Uzbekistan,6.014,6.13,5.899,1.227,1.347,0.375,0.74,0.26,0.208,1.856,5.927420501425259
2021,53,Uzbekistan,6.063,6.178,5.948,1.219,1.092,0.6,0.716,0.283,0.24,1.913,6.281296615961179
2020,43,Uzbekistan,6.179,6.312,6.045,0.769,1.027,0.528,0.716,0.391,0.271,2.477,5.8133311001372965
2019,38,Uzbekistan,6.258,6.364,6.151,0.697,1.434,0.717,0.693,0.363,0.28,2.073,6.296118689986282
2024,143,Zimbabwe,3.396,3.509,3.283,0.827,0.961,0.178,0.598,0.065,0.131,0.636,3.49569571602405
2023,79,Venezuela,5.607,5.725,5.489,0.0,1.321,0.491,0.518,0.192,0.086,2.998,5.039389063155769
2022,88,Venezuela,5.211,5.336,5.085,0.0,1.257,0.341,0.369,0.205,0.084,2.955,4.91677225310197
2021,108,Venezuela,4.925,5.051,4.8,0.0,0.968,0.578,0.283,0.225,0.082,2.79,4.621103371122354
2020,108,Venezuela,4.892,5.017,4.767,0.852,0.897,0.574,0.284,0.078,0.072,2.135,4.703012300341803
2019,99,Venezuela,5.053,5.179,4.927,0.77,1.349,0.767,0.272,0.087,0.064,1.745,4.939965432732166
2024,144,Malawi,3.26,3.39,3.13,0.588,0.489,0.28,0.677,0.115,0.136,0.975,3.68688004961554
2023,54,Viet Nam,6.043,6.138,5.948,1.331,1.267,0.539,0.843,0.094,0.16,1.81,6.040409390010354
2022,65,Viet Nam,5.763,5.865,5.662,1.349,1.212,0.381,0.741,0.134,0.122,1.824,5.733471981276972
2021,77,Viet Nam,5.485,5.57,5.4,1.252,0.932,0.611,0.707,0.143,0.105,1.735,5.768520648166925
2020,80,Viet Nam,5.411,5.488,5.334,0.817,0.873,0.616,0.679,0.124,0.091,2.211,5.421574054673544
2019,83,Viet Nam,5.353,5.42,5.287,0.718,1.253,0.819,0.651,0.136,0.09,1.686,5.809789998659767
2024,145,Lebanon,3.188,3.277,3.098,1.223,0.984,0.44,0.279,0.071,0.041,0.15,3.9463506139956124
2023,133,Yemen,3.561,3.714,3.408,0.671,1.281,0.293,0.362,0.08,0.113,0.76,4.1985758856648765
2021,132,Yemen,4.197,4.384,4.01,0.691,1.043,0.384,0.33,0.09,0.098,1.561,4.030166162179291
2020,142,Yemen,3.658,3.794,3.521,0.329,0.831,0.272,0.268,0.092,0.089,1.776,3.521645575416023
2019,146,Yemen,3.527,3.634,3.421,0.393,1.177,0.415,0.244,0.095,0.087,1.116,3.865487492529881
2024,146,Sierra Leone,2.998,3.102,2.894,0.786,0.692,0.327,0.613,0.138,0.052,0.391,3.7019838256272246
2023,134,Zambia,3.502,3.636,3.368,0.899,0.809,0.264,0.727,0.168,0.109,0.526,4.259014827645238
2022,128,Zambia,3.982,4.167,3.797,0.914,0.89,0.095,0.545,0.189,0.08,1.27,4.211063392632907
2021,137,Zambia,3.76,3.902,3.618,0.93,0.577,0.306,0.525,0.203,0.083,1.135,4.563464552288698
2020,138,Zambia,4.073,4.209,3.938,0.528,0.552,0.231,0.487,0.227,0.074,1.975,4.249770858850983
2019,141,Zambia,3.759,3.878,3.64,0.537,0.896,0.364,0.491,0.251,0.087,1.134,4.550212842445854
2024,147,Afghanistan,1.364,1.427,1.301,0.649,0.0,0.155,0.0,0.075,0.135,0.348,2.142186007565121
2023,138,Zimbabwe,3.341,3.457,3.226,0.748,0.85,0.232,0.487,0.096,0.131,0.797,3.8727337736200376
2022,134,Zimbabwe,3.204,3.323,3.084,0.758,0.881,0.069,0.363,0.112,0.117,0.905,3.66611469886522
2021,144,Zimbabwe,2.995,3.11,2.88,0.947,0.69,0.27,0.329,0.106,0.105,0.548,4.019997868496214
2020,149,Zimbabwe,3.145,3.259,3.03,0.457,0.649,0.243,0.359,0.157,0.075,1.205,4.354447477275653
2019,151,Zimbabwe,3.299,3.414,3.184,0.426,1.048,0.375,0.377,0.151,0.081,0.841,3.7330373940627015
